Timestamp,Ppkg,Tdie
2025-06-24 22:23:32,60.44,52.12
2025-06-24 22:23:33,59.75,51.0
2025-06-24 22:23:34,60.71,50.12
2025-06-24 22:23:36,59.61,49.25
2025-06-24 22:23:37,60.11,48.5
2025-06-24 22:23:38,60.19,47.88
2025-06-24 22:23:39,59.98,47.38
2025-06-24 22:23:40,60.0,47.0
2025-06-24 22:23:41,60.0,46.62
2025-06-24 22:23:42,60.07,46.25
2025-06-24 22:23:43,60.01,46.0
2025-06-24 22:23:44,60.05,45.75
2025-06-24 22:23:45,59.72,45.62
2025-06-24 22:23:46,60.28,45.38
2025-06-24 22:23:47,60.0,45.25
2025-06-24 22:23:48,59.83,45.12
2025-06-24 22:23:49,59.99,45.12
2025-06-24 22:23:50,59.72,45.0
2025-06-24 22:23:51,60.22,45.0
2025-06-24 22:23:52,60.05,44.88
2025-06-24 22:23:53,60.26,44.88
2025-06-24 22:23:54,60.16,44.88
2025-06-24 22:23:55,60.17,44.88
2025-06-24 22:23:56,60.0,44.88
2025-06-24 22:23:57,60.31,44.88
2025-06-24 22:23:58,59.87,44.88
2025-06-24 22:23:59,60.17,45.0
2025-06-24 22:24:00,58.99,45.0
2025-06-24 22:24:01,59.9,45.0
2025-06-24 22:24:02,60.02,45.0
2025-06-24 22:24:03,59.99,45.0
2025-06-24 22:24:04,59.92,45.0
2025-06-24 22:24:05,60.0,45.0
2025-06-24 22:24:06,60.12,45.12
2025-06-24 22:24:07,60.01,45.12
2025-06-24 22:24:08,59.85,45.12
2025-06-24 22:24:09,59.71,45.12
2025-06-24 22:24:10,60.12,45.12
2025-06-24 22:24:11,59.88,45.12
2025-06-24 22:24:12,60.0,45.12
2025-06-24 22:24:13,60.05,45.12
2025-06-24 22:24:14,60.15,45.12
2025-06-24 22:24:15,60.24,45.12
2025-06-24 22:24:16,60.19,45.12
2025-06-24 22:24:17,59.98,45.12
2025-06-24 22:24:18,60.04,45.12
2025-06-24 22:24:19,60.07,45.25
2025-06-24 22:24:20,60.0,45.25
2025-06-24 22:24:21,59.56,45.25
2025-06-24 22:24:22,60.12,45.25
2025-06-24 22:24:23,60.0,45.25
2025-06-24 22:24:24,60.1,45.38
2025-06-24 22:24:25,60.28,45.38
2025-06-24 22:24:26,59.93,45.38
2025-06-24 22:24:27,60.05,45.38
2025-06-24 22:24:28,60.1,45.38
2025-06-24 22:24:29,59.87,45.38
2025-06-24 22:24:30,60.0,45.38
2025-06-24 22:24:31,59.97,45.38
2025-06-24 22:24:32,60.06,45.5
2025-06-24 22:24:33,59.99,45.5
2025-06-24 22:24:34,59.86,45.5
2025-06-24 22:24:35,59.83,45.5
2025-06-24 22:24:36,59.84,45.5
2025-06-24 22:24:37,60.14,45.5
2025-06-24 22:24:38,59.99,45.5
2025-06-24 22:24:39,60.4,45.5
2025-06-24 22:24:40,60.03,45.5
2025-06-24 22:24:41,60.06,45.5
2025-06-24 22:24:42,60.14,45.62
2025-06-24 22:24:43,59.96,45.62
2025-06-24 22:24:44,60.13,45.62
2025-06-24 22:24:45,59.98,45.62
2025-06-24 22:24:46,60.0,45.62
2025-06-24 22:24:47,59.92,45.62
2025-06-24 22:24:48,60.3,45.62
2025-06-24 22:24:49,59.96,45.62
2025-06-24 22:24:50,60.02,45.62
2025-06-24 22:24:51,60.29,45.62
2025-06-24 22:24:52,60.21,45.62
2025-06-24 22:24:53,60.27,45.62
2025-06-24 22:24:54,60.0,45.75
2025-06-24 22:24:55,59.6,45.75
2025-06-24 22:24:56,60.05,45.75
2025-06-24 22:24:57,60.66,45.75
2025-06-24 22:24:58,60.0,45.75
2025-06-24 22:24:59,60.31,45.75
2025-06-24 22:25:00,60.14,45.75
2025-06-24 22:25:01,60.05,45.75
2025-06-24 22:25:02,60.22,45.75
2025-06-24 22:25:03,60.4,45.75
2025-06-24 22:25:04,60.0,45.75
2025-06-24 22:25:05,59.49,45.75
2025-06-24 22:25:06,59.79,45.75
2025-06-24 22:25:07,59.93,45.75
2025-06-24 22:25:08,60.08,45.75
2025-06-24 22:25:09,60.37,45.75
2025-06-24 22:25:10,59.89,45.88
2025-06-24 22:25:11,60.05,45.88
2025-06-24 22:25:12,60.2,45.88
2025-06-24 22:25:13,60.0,45.88
2025-06-24 22:25:14,59.96,45.88
2025-06-24 22:25:15,60.01,46.0
2025-06-24 22:25:16,60.1,46.0
2025-06-24 22:25:17,60.29,46.0
2025-06-24 22:25:18,59.91,46.0
2025-06-24 22:25:19,60.08,46.0
2025-06-24 22:25:20,60.06,46.0
2025-06-24 22:25:21,60.0,46.0
2025-06-24 22:25:22,60.2,46.0
2025-06-24 22:25:23,59.94,46.0
2025-06-24 22:25:24,60.16,46.0
2025-06-24 22:25:25,60.12,46.12
2025-06-24 22:25:26,60.17,46.12
2025-06-24 22:25:27,59.99,46.12
2025-06-24 22:25:28,60.05,46.12
2025-06-24 22:25:29,59.94,46.12
2025-06-24 22:25:30,60.0,46.12
2025-06-24 22:25:31,59.98,46.12
2025-06-24 22:25:32,60.1,46.12
2025-06-24 22:25:33,59.92,46.12
2025-06-24 22:25:34,60.25,46.12
2025-06-24 22:25:35,59.8,46.12
2025-06-24 22:25:36,60.06,46.12
2025-06-24 22:25:37,60.07,46.12
2025-06-24 22:25:38,60.0,46.12
2025-06-24 22:25:39,60.15,46.12
2025-06-24 22:25:40,59.94,46.12
2025-06-24 22:25:41,59.94,46.12
2025-06-24 22:25:42,60.0,46.12
2025-06-24 22:25:43,59.71,46.12
2025-06-24 22:25:44,60.29,46.12
2025-06-24 22:25:45,59.74,46.12
2025-06-24 22:25:46,60.04,46.12
2025-06-24 22:25:47,59.99,46.12
2025-06-24 22:25:48,59.87,46.12
2025-06-24 22:25:49,60.16,46.12
2025-06-24 22:25:50,60.19,46.12
2025-06-24 22:25:51,60.17,46.12
2025-06-24 22:25:52,60.08,46.12
2025-06-24 22:25:53,60.24,46.25
2025-06-24 22:25:54,60.21,46.25
2025-06-24 22:25:55,59.98,46.25
2025-06-24 22:25:56,60.0,46.25
2025-06-24 22:25:57,60.05,46.25
2025-06-24 22:25:58,59.98,46.25
2025-06-24 22:25:59,60.1,46.25
2025-06-24 22:26:00,59.98,46.25
2025-06-24 22:26:01,60.13,46.25
2025-06-24 22:26:02,60.04,46.25
2025-06-24 22:26:05,70.0,46.25
2025-06-24 22:26:06,70.29,46.25
2025-06-24 22:26:07,70.18,46.38
2025-06-24 22:26:08,69.7,46.38
2025-06-24 22:26:09,70.44,46.62
2025-06-24 22:26:10,70.71,46.88
2025-06-24 22:26:11,70.24,47.0
2025-06-24 22:26:12,70.27,47.0
2025-06-24 22:26:13,70.25,47.0
2025-06-24 22:26:14,70.24,47.0
2025-06-24 22:26:15,70.0,46.88
2025-06-24 22:26:16,69.97,46.75
2025-06-24 22:26:17,70.14,46.75
2025-06-24 22:26:18,70.02,46.62
2025-06-24 22:26:20,69.99,46.62
2025-06-24 22:26:21,70.0,46.5
2025-06-24 22:26:22,70.26,46.5
2025-06-24 22:26:23,70.13,46.5
2025-06-24 22:26:24,70.0,46.5
2025-06-24 22:26:25,70.02,46.5
2025-06-24 22:26:26,70.13,46.5
2025-06-24 22:26:27,69.89,46.5
2025-06-24 22:26:28,69.9,46.62
2025-06-24 22:26:29,70.15,46.62
2025-06-24 22:26:30,70.62,46.62
2025-06-24 22:26:31,70.38,46.62
2025-06-24 22:26:32,69.99,46.75
2025-06-24 22:26:33,70.26,46.62
2025-06-24 22:26:34,70.13,46.62
2025-06-24 22:26:35,69.95,46.62
2025-06-24 22:26:36,70.19,46.62
2025-06-24 22:26:37,69.83,46.75
2025-06-24 22:26:38,69.99,46.75
2025-06-24 22:26:39,70.01,46.62
2025-06-24 22:26:40,70.11,46.75
2025-06-24 22:26:41,69.99,46.75
2025-06-24 22:26:42,70.17,46.75
2025-06-24 22:26:43,70.2,46.75
2025-06-24 22:26:44,70.18,46.75
2025-06-24 22:26:45,70.45,46.75
2025-06-24 22:26:46,70.18,46.75
2025-06-24 22:26:47,69.86,46.75
2025-06-24 22:26:48,70.0,46.75
2025-06-24 22:26:49,69.93,46.75
2025-06-24 22:26:50,70.0,46.75
2025-06-24 22:26:51,70.11,46.75
2025-06-24 22:26:52,70.04,46.88
2025-06-24 22:26:53,70.13,46.88
2025-06-24 22:26:54,70.11,46.88
2025-06-24 22:26:55,70.08,46.88
2025-06-24 22:26:56,70.02,46.88
2025-06-24 22:26:57,69.96,46.88
2025-06-24 22:26:58,70.0,46.88
2025-06-24 22:26:59,69.96,46.88
2025-06-24 22:27:00,69.95,46.88
2025-06-24 22:27:01,69.97,46.88
2025-06-24 22:27:02,70.26,46.88
2025-06-24 22:27:03,70.19,46.88
2025-06-24 22:27:04,69.89,46.88
2025-06-24 22:27:05,70.0,46.88
2025-06-24 22:27:06,70.15,46.88
2025-06-24 22:27:07,70.01,46.88
2025-06-24 22:27:08,69.96,46.88
2025-06-24 22:27:09,69.98,46.88
2025-06-24 22:27:10,70.36,46.88
2025-06-24 22:27:11,70.66,46.88
2025-06-24 22:27:12,69.92,46.88
2025-06-24 22:27:13,69.93,46.88
2025-06-24 22:27:14,70.0,46.88
2025-06-24 22:27:15,69.25,46.88
2025-06-24 22:27:16,69.47,46.88
2025-06-24 22:27:17,70.04,46.88
2025-06-24 22:27:18,70.33,46.88
2025-06-24 22:27:19,70.12,46.88
2025-06-24 22:27:20,70.02,46.88
2025-06-24 22:27:21,69.98,47.0
2025-06-24 22:27:22,69.94,46.88
2025-06-24 22:27:23,69.99,46.88
2025-06-24 22:27:24,70.14,46.88
2025-06-24 22:27:25,69.98,46.88
2025-06-24 22:27:26,69.92,46.88
2025-06-24 22:27:27,69.99,46.88
2025-06-24 22:27:28,70.2,46.88
2025-06-24 22:27:29,70.12,46.88
2025-06-24 22:27:30,70.42,46.88
2025-06-24 22:27:31,70.02,46.88
2025-06-24 22:27:32,69.99,46.88
2025-06-24 22:27:33,70.0,46.88
2025-06-24 22:27:34,70.11,47.0
2025-06-24 22:27:35,70.08,47.0
2025-06-24 22:27:36,69.25,47.0
2025-06-24 22:27:37,69.77,47.0
2025-06-24 22:27:38,69.84,47.0
2025-06-24 22:27:39,70.13,47.0
2025-06-24 22:27:40,70.0,47.0
2025-06-24 22:27:41,70.14,46.88
2025-06-24 22:27:42,70.3,46.88
2025-06-24 22:27:43,70.16,47.0
2025-06-24 22:27:44,70.06,47.0
2025-06-24 22:27:45,69.52,47.0
2025-06-24 22:27:46,70.01,47.0
2025-06-24 22:27:47,70.31,47.0
2025-06-24 22:27:48,70.07,47.0
2025-06-24 22:27:49,70.01,47.0
2025-06-24 22:27:50,69.9,47.0
2025-06-24 22:27:51,69.9,47.0
2025-06-24 22:27:52,70.13,47.0
2025-06-24 22:27:53,69.99,47.0
2025-06-24 22:27:54,70.25,47.0
2025-06-24 22:27:55,69.99,47.0
2025-06-24 22:27:56,70.03,47.0
2025-06-24 22:27:57,70.09,47.0
2025-06-24 22:27:58,69.78,47.0
2025-06-24 22:27:59,69.77,47.0
2025-06-24 22:28:00,70.22,47.12
2025-06-24 22:28:01,69.93,47.38
2025-06-24 22:28:02,70.17,47.38
2025-06-24 22:28:03,69.96,47.25
2025-06-24 22:28:04,70.0,47.25
2025-06-24 22:28:05,70.15,47.25
2025-06-24 22:28:06,70.14,47.12
2025-06-24 22:28:07,70.08,47.12
2025-06-24 22:28:08,70.06,47.12
2025-06-24 22:28:09,69.88,47.12
2025-06-24 22:28:10,69.98,47.12
2025-06-24 22:28:11,70.14,47.12
2025-06-24 22:28:12,69.99,47.12
2025-06-24 22:28:13,70.02,47.12
2025-06-24 22:28:14,70.1,47.12
2025-06-24 22:28:15,69.6,47.25
2025-06-24 22:28:16,70.02,47.62
2025-06-24 22:28:17,70.21,47.88
2025-06-24 22:28:18,71.49,48.0
2025-06-24 22:28:19,70.42,47.88
2025-06-24 22:28:20,69.99,47.75
2025-06-24 22:28:21,70.49,47.62
2025-06-24 22:28:22,69.93,47.5
2025-06-24 22:28:23,69.83,47.38
2025-06-24 22:28:24,69.96,47.38
2025-06-24 22:28:25,70.03,47.38
2025-06-24 22:28:26,70.05,47.25
2025-06-24 22:28:27,70.08,47.25
2025-06-24 22:28:28,69.96,47.25
2025-06-24 22:28:29,70.0,47.25
2025-06-24 22:28:30,69.67,47.25
2025-06-24 22:28:31,70.07,47.12
2025-06-24 22:28:32,70.12,47.12
2025-06-24 22:28:33,70.03,47.12
2025-06-24 22:28:34,70.34,47.12
2025-06-24 22:28:35,70.19,47.12
2025-06-24 22:28:38,80.39,50.38
2025-06-24 22:28:39,79.99,50.5
2025-06-24 22:28:40,80.29,50.5
2025-06-24 22:28:41,79.92,50.5
2025-06-24 22:28:42,80.13,50.5
2025-06-24 22:28:43,79.8,50.38
2025-06-24 22:28:44,81.06,50.5
2025-06-24 22:28:45,80.37,50.5
2025-06-24 22:28:46,80.01,51.5
2025-06-24 22:28:47,79.98,51.38
2025-06-24 22:28:48,79.88,51.25
2025-06-24 22:28:49,80.17,51.0
2025-06-24 22:28:50,80.0,51.0
2025-06-24 22:28:51,79.71,50.88
2025-06-24 22:28:52,80.15,50.75
2025-06-24 22:28:53,80.18,51.0
2025-06-24 22:28:54,80.25,50.75
2025-06-24 22:28:55,80.0,50.62
2025-06-24 22:28:56,80.3,50.5
2025-06-24 22:28:57,80.11,50.38
2025-06-24 22:28:58,80.47,50.25
2025-06-24 22:28:59,80.22,50.38
2025-06-24 22:29:00,79.07,50.5
2025-06-24 22:29:01,80.15,50.62
2025-06-24 22:29:02,80.1,50.62
2025-06-24 22:29:03,79.6,50.62
2025-06-24 22:29:04,80.0,50.62
2025-06-24 22:29:05,80.05,50.62
2025-06-24 22:29:06,79.98,50.62
2025-06-24 22:29:07,79.67,50.75
2025-06-24 22:29:08,79.82,50.75
2025-06-24 22:29:09,79.98,50.75
2025-06-24 22:29:10,79.85,50.75
2025-06-24 22:29:11,79.96,50.75
2025-06-24 22:29:13,80.04,50.75
2025-06-24 22:29:14,79.99,51.25
2025-06-24 22:29:15,80.01,51.5
2025-06-24 22:29:16,79.97,52.12
2025-06-24 22:29:17,80.12,52.5
2025-06-24 22:29:18,80.0,52.38
2025-06-24 22:29:19,80.1,52.12
2025-06-24 22:29:20,79.88,51.88
2025-06-24 22:29:21,80.06,51.62
2025-06-24 22:29:22,79.99,51.5
2025-06-24 22:29:23,80.62,51.62
2025-06-24 22:29:24,80.08,52.25
2025-06-24 22:29:25,79.85,52.25
2025-06-24 22:29:26,80.34,52.0
2025-06-24 22:29:27,80.01,51.88
2025-06-24 22:29:28,80.17,51.62
2025-06-24 22:29:29,80.16,51.5
2025-06-24 22:29:30,79.88,51.38
2025-06-24 22:29:31,80.01,51.25
2025-06-24 22:29:32,80.06,51.25
2025-06-24 22:29:33,80.06,51.12
2025-06-24 22:29:34,80.38,51.12
2025-06-24 22:29:35,80.51,51.0
2025-06-24 22:29:36,79.85,51.12
2025-06-24 22:29:37,80.01,51.38
2025-06-24 22:29:38,79.94,51.38
2025-06-24 22:29:39,80.22,51.5
2025-06-24 22:29:40,79.94,51.5
2025-06-24 22:29:41,80.01,51.5
2025-06-24 22:29:42,79.99,51.5
2025-06-24 22:29:43,80.25,51.5
2025-06-24 22:29:44,80.02,51.62
2025-06-24 22:29:45,79.95,51.88
2025-06-24 22:29:46,80.0,51.75
2025-06-24 22:29:47,80.04,51.75
2025-06-24 22:29:48,79.94,51.88
2025-06-24 22:29:49,79.9,51.88
2025-06-24 22:29:50,79.83,51.88
2025-06-24 22:29:51,80.03,51.88
2025-06-24 22:29:52,80.0,51.88
2025-06-24 22:29:53,80.03,51.88
2025-06-24 22:29:54,80.12,51.88
2025-06-24 22:29:55,80.0,52.12
2025-06-24 22:29:56,80.12,52.12
2025-06-24 22:29:57,79.8,52.12
2025-06-24 22:29:58,79.88,52.0
2025-06-24 22:29:59,79.97,52.0
2025-06-24 22:30:00,79.98,52.12
2025-06-24 22:30:01,80.1,52.38
2025-06-24 22:30:02,79.86,52.38
2025-06-24 22:30:03,79.98,52.38
2025-06-24 22:30:04,80.0,52.25
2025-06-24 22:30:05,80.06,52.25
2025-06-24 22:30:06,80.08,52.12
2025-06-24 22:30:07,80.28,52.0
2025-06-24 22:30:08,79.88,51.88
2025-06-24 22:30:09,80.64,51.75
2025-06-24 22:30:10,79.92,51.62
2025-06-24 22:30:11,80.97,51.5
2025-06-24 22:30:12,80.1,51.5
2025-06-24 22:30:13,80.0,51.5
2025-06-24 22:30:14,80.0,51.5
2025-06-24 22:30:15,79.95,51.5
2025-06-24 22:30:16,80.9,51.5
2025-06-24 22:30:17,80.28,51.38
2025-06-24 22:30:18,79.58,51.5
2025-06-24 22:30:19,80.25,51.38
2025-06-24 22:30:20,80.4,51.38
2025-06-24 22:30:21,79.9,51.38
2025-06-24 22:30:22,80.04,51.25
2025-06-24 22:30:23,80.0,51.25
2025-06-24 22:30:24,80.14,52.62
2025-06-24 22:30:25,79.98,53.0
2025-06-24 22:30:26,80.17,53.12
2025-06-24 22:30:27,80.03,53.12
2025-06-24 22:30:28,80.06,53.25
2025-06-24 22:30:29,80.07,53.25
2025-06-24 22:30:30,80.44,53.5
2025-06-24 22:30:31,80.01,53.75
2025-06-24 22:30:32,79.92,53.75
2025-06-24 22:30:33,80.11,53.62
2025-06-24 22:30:34,79.78,53.62
2025-06-24 22:30:35,80.06,53.5
2025-06-24 22:30:36,79.96,53.38
2025-06-24 22:30:37,80.02,53.12
2025-06-24 22:30:38,80.11,52.75
2025-06-24 22:30:39,80.0,52.5
2025-06-24 22:30:40,79.98,52.75
2025-06-24 22:30:41,80.05,53.12
2025-06-24 22:30:42,80.07,53.25
2025-06-24 22:30:43,80.16,53.25
2025-06-24 22:30:44,79.86,53.25
2025-06-24 22:30:45,79.58,53.25
2025-06-24 22:30:46,80.03,53.62
2025-06-24 22:30:47,80.0,53.75
2025-06-24 22:30:48,80.34,53.75
2025-06-24 22:30:49,79.94,53.75
2025-06-24 22:30:50,79.98,53.75
2025-06-24 22:30:51,80.43,53.75
2025-06-24 22:30:52,80.13,53.88
2025-06-24 22:30:53,80.05,53.75
2025-06-24 22:30:54,80.17,53.88
2025-06-24 22:30:55,80.26,53.88
2025-06-24 22:30:56,79.99,53.75
2025-06-24 22:30:57,80.0,53.62
2025-06-24 22:30:58,80.2,53.38
2025-06-24 22:30:59,79.91,53.12
2025-06-24 22:31:00,79.79,53.12
2025-06-24 22:31:01,80.01,53.25
2025-06-24 22:31:02,79.8,53.25
2025-06-24 22:31:03,80.01,53.25
2025-06-24 22:31:04,80.3,53.25
2025-06-24 22:31:05,79.84,53.38
2025-06-24 22:31:06,80.01,53.62
2025-06-24 22:31:07,80.05,53.38
2025-06-24 22:31:08,79.9,53.12
2025-06-24 22:31:11,90.0,54.75
2025-06-24 22:31:12,89.9,54.75
2025-06-24 22:31:13,90.36,54.88
2025-06-24 22:31:14,90.0,54.88
2025-06-24 22:31:15,90.06,55.12
2025-06-24 22:31:16,90.18,55.38
2025-06-24 22:31:17,89.93,55.38
2025-06-24 22:31:18,90.35,55.75
2025-06-24 22:31:19,89.96,55.88
2025-06-24 22:31:20,90.0,55.88
2025-06-24 22:31:21,90.79,56.0
2025-06-24 22:31:22,89.74,56.12
2025-06-24 22:31:23,89.99,56.12
2025-06-24 22:31:24,90.47,56.25
2025-06-24 22:31:25,90.0,56.25
2025-06-24 22:31:26,90.22,56.25
2025-06-24 22:31:27,90.22,56.88
2025-06-24 22:31:28,90.58,56.62
2025-06-24 22:31:29,90.0,56.38
2025-06-24 22:31:30,89.62,57.25
2025-06-24 22:31:31,90.84,58.0
2025-06-24 22:31:32,90.2,58.12
2025-06-24 22:31:33,90.29,58.12
2025-06-24 22:31:34,89.91,58.25
2025-06-24 22:31:35,90.11,58.25
2025-06-24 22:31:36,90.04,58.38
2025-06-24 22:31:37,89.99,58.25
2025-06-24 22:31:38,90.23,57.88
2025-06-24 22:31:39,90.1,57.5
2025-06-24 22:31:40,90.06,57.25
2025-06-24 22:31:41,90.21,57.0
2025-06-24 22:31:42,90.05,56.75
2025-06-24 22:31:43,89.92,56.5
2025-06-24 22:31:44,90.23,56.38
2025-06-24 22:31:45,89.72,56.62
2025-06-24 22:31:46,90.0,56.5
2025-06-24 22:31:47,90.2,56.38
2025-06-24 22:31:48,90.1,56.38
2025-06-24 22:31:49,90.21,56.25
2025-06-24 22:31:50,90.0,56.12
2025-06-24 22:31:51,89.97,56.0
2025-06-24 22:31:53,90.23,55.75
2025-06-24 22:31:54,90.3,55.75
2025-06-24 22:31:55,90.39,57.25
2025-06-24 22:31:56,90.37,58.0
2025-06-24 22:31:57,89.99,58.25
2025-06-24 22:31:58,90.34,58.25
2025-06-24 22:31:59,90.07,57.75
2025-06-24 22:32:00,89.91,57.25
2025-06-24 22:32:01,90.25,57.0
2025-06-24 22:32:02,90.24,56.62
2025-06-24 22:32:03,90.07,56.25
2025-06-24 22:32:04,89.92,57.25
2025-06-24 22:32:05,90.01,58.0
2025-06-24 22:32:06,90.04,58.25
2025-06-24 22:32:07,90.16,58.5
2025-06-24 22:32:08,89.94,58.5
2025-06-24 22:32:09,90.82,58.25
2025-06-24 22:32:10,90.63,58.0
2025-06-24 22:32:11,89.97,57.75
2025-06-24 22:32:12,89.79,57.62
2025-06-24 22:32:13,90.0,57.38
2025-06-24 22:32:14,90.17,57.25
2025-06-24 22:32:15,90.2,57.25
2025-06-24 22:32:16,90.31,57.25
2025-06-24 22:32:17,89.9,57.0
2025-06-24 22:32:18,90.0,56.88
2025-06-24 22:32:19,90.19,56.75
2025-06-24 22:32:20,89.84,56.62
2025-06-24 22:32:21,90.0,56.5
2025-06-24 22:32:22,90.77,56.5
2025-06-24 22:32:23,90.54,56.38
2025-06-24 22:32:24,90.08,56.38
2025-06-24 22:32:25,90.09,56.25
2025-06-24 22:32:26,90.07,56.25
2025-06-24 22:32:27,89.69,56.25
2025-06-24 22:32:28,89.94,56.25
2025-06-24 22:32:29,90.31,56.38
2025-06-24 22:32:30,89.99,56.38
2025-06-24 22:32:31,89.63,56.38
2025-06-24 22:32:32,89.84,56.38
2025-06-24 22:32:33,89.98,56.25
2025-06-24 22:32:34,90.0,56.25
2025-06-24 22:32:35,90.31,56.25
2025-06-24 22:32:36,90.09,56.25
2025-06-24 22:32:37,90.16,56.88
2025-06-24 22:32:38,89.78,58.25
2025-06-24 22:32:39,90.0,58.62
2025-06-24 22:32:40,90.28,58.75
2025-06-24 22:32:41,89.79,58.88
2025-06-24 22:32:42,89.91,59.0
2025-06-24 22:32:43,89.74,59.0
2025-06-24 22:32:44,90.64,59.0
2025-06-24 22:32:45,90.02,59.0
2025-06-24 22:32:46,90.75,59.12
2025-06-24 22:32:47,90.01,59.12
2025-06-24 22:32:48,89.94,59.12
2025-06-24 22:32:49,89.73,59.12
2025-06-24 22:32:50,90.05,58.62
2025-06-24 22:32:51,89.95,58.12
2025-06-24 22:32:52,91.15,57.62
2025-06-24 22:32:53,90.0,57.25
2025-06-24 22:32:54,90.34,57.0
2025-06-24 22:32:55,89.57,56.62
2025-06-24 22:32:56,90.06,56.38
2025-06-24 22:32:57,90.49,56.25
2025-06-24 22:32:58,90.27,56.0
2025-06-24 22:32:59,90.11,55.88
2025-06-24 22:33:00,90.05,56.5
2025-06-24 22:33:01,90.03,56.62
2025-06-24 22:33:02,90.0,56.5
2025-06-24 22:33:03,89.88,56.38
2025-06-24 22:33:04,89.87,56.38
2025-06-24 22:33:05,90.54,56.25
2025-06-24 22:33:06,89.47,56.25
2025-06-24 22:33:07,90.3,56.25
2025-06-24 22:33:08,89.82,56.12
2025-06-24 22:33:09,89.81,56.0
2025-06-24 22:33:10,90.01,55.88
2025-06-24 22:33:11,90.04,55.75
2025-06-24 22:33:12,90.18,55.75
2025-06-24 22:33:13,89.99,55.62
2025-06-24 22:33:14,90.08,55.5
2025-06-24 22:33:15,89.98,55.38
2025-06-24 22:33:16,90.71,56.5
2025-06-24 22:33:17,90.22,56.75
2025-06-24 22:33:18,90.0,56.62
2025-06-24 22:33:19,89.45,56.62
2025-06-24 22:33:20,90.02,56.62
2025-06-24 22:33:21,89.98,58.25
2025-06-24 22:33:22,89.8,58.88
2025-06-24 22:33:23,90.86,59.0
2025-06-24 22:33:24,90.07,59.12
2025-06-24 22:33:25,89.68,59.38
2025-06-24 22:33:26,89.89,59.25
2025-06-24 22:33:27,90.0,59.0
2025-06-24 22:33:28,90.04,58.75
2025-06-24 22:33:29,90.1,59.0
2025-06-24 22:33:30,90.34,59.5
2025-06-24 22:33:31,89.97,59.62
2025-06-24 22:33:32,90.14,59.5
2025-06-24 22:33:33,89.72,59.38
2025-06-24 22:33:34,90.54,59.38
2025-06-24 22:33:35,89.99,59.38
2025-06-24 22:33:36,89.94,59.38
2025-06-24 22:33:37,90.28,59.38
2025-06-24 22:33:38,90.21,59.38
2025-06-24 22:33:39,89.95,59.38
2025-06-24 22:33:40,89.93,59.25
2025-06-24 22:33:41,89.85,59.38
2025-06-24 22:33:44,100.29,63.25
2025-06-24 22:33:45,99.44,63.75
2025-06-24 22:33:46,100.02,64.12
2025-06-24 22:33:47,99.98,64.12
2025-06-24 22:33:48,100.89,63.62
2025-06-24 22:33:49,100.36,63.12
2025-06-24 22:33:50,100.2,62.62
2025-06-24 22:33:51,101.05,62.38
2025-06-24 22:33:52,99.99,63.0
2025-06-24 22:33:53,99.56,63.12
2025-06-24 22:33:54,101.67,63.25
2025-06-24 22:33:55,100.26,63.25
2025-06-24 22:33:56,100.84,63.38
2025-06-24 22:33:57,99.63,63.38
2025-06-24 22:33:58,99.8,62.88
2025-06-24 22:33:59,99.82,62.25
2025-06-24 22:34:00,101.01,61.88
2025-06-24 22:34:01,100.01,62.12
2025-06-24 22:34:02,100.44,61.75
2025-06-24 22:34:03,100.25,61.5
2025-06-24 22:34:04,100.01,61.25
2025-06-24 22:34:05,100.22,60.88
2025-06-24 22:34:06,99.71,60.62
2025-06-24 22:34:07,99.96,60.38
2025-06-24 22:34:08,100.01,60.25
2025-06-24 22:34:09,99.95,60.12
2025-06-24 22:34:10,100.16,60.0
2025-06-24 22:34:11,99.91,60.0
2025-06-24 22:34:12,99.94,60.12
2025-06-24 22:34:13,100.2,60.12
2025-06-24 22:34:14,99.92,60.12
2025-06-24 22:34:15,99.42,60.38
2025-06-24 22:34:16,99.94,60.5
2025-06-24 22:34:17,100.0,60.38
2025-06-24 22:34:18,99.99,60.25
2025-06-24 22:34:19,99.89,60.25
2025-06-24 22:34:20,100.37,60.25
2025-06-24 22:34:21,99.83,62.38
2025-06-24 22:34:22,100.29,63.12
2025-06-24 22:34:23,99.95,63.38
2025-06-24 22:34:24,100.0,63.62
2025-06-24 22:34:25,101.03,63.75
2025-06-24 22:34:26,99.99,63.88
2025-06-24 22:34:27,99.89,63.88
2025-06-24 22:34:28,100.06,63.88
2025-06-24 22:34:29,100.17,64.0
2025-06-24 22:34:30,99.93,64.38
2025-06-24 22:34:31,99.3,64.5
2025-06-24 22:34:32,99.64,64.38
2025-06-24 22:34:33,100.13,64.25
2025-06-24 22:34:34,100.05,64.12
2025-06-24 22:34:35,99.98,64.12
2025-06-24 22:34:37,100.34,64.12
2025-06-24 22:34:38,99.81,64.12
2025-06-24 22:34:39,99.89,64.12
2025-06-24 22:34:40,99.9,64.12
2025-06-24 22:34:41,100.38,64.25
2025-06-24 22:34:42,99.92,64.12
2025-06-24 22:34:43,99.82,64.12
2025-06-24 22:34:44,99.87,64.12
2025-06-24 22:34:45,100.0,64.0
2025-06-24 22:34:46,99.94,64.62
2025-06-24 22:34:47,100.04,64.62
2025-06-24 22:34:48,100.03,64.5
2025-06-24 22:34:49,100.34,64.38
2025-06-24 22:34:50,99.81,64.38
2025-06-24 22:34:51,100.42,64.38
2025-06-24 22:34:52,100.79,64.38
2025-06-24 22:34:53,100.0,64.38
2025-06-24 22:34:54,100.21,64.38
2025-06-24 22:34:55,99.7,64.38
2025-06-24 22:34:56,99.92,64.38
2025-06-24 22:34:57,99.93,64.38
2025-06-24 22:34:58,100.17,64.25
2025-06-24 22:34:59,100.52,64.38
2025-06-24 22:35:00,100.58,64.38
2025-06-24 22:35:01,100.14,64.5
2025-06-24 22:35:02,100.0,64.12
2025-06-24 22:35:03,100.25,63.75
2025-06-24 22:35:04,99.84,63.38
2025-06-24 22:35:05,99.88,63.12
2025-06-24 22:35:06,100.22,62.88
2025-06-24 22:35:07,100.19,62.62
2025-06-24 22:35:08,100.03,62.62
2025-06-24 22:35:09,100.0,62.5
2025-06-24 22:35:10,100.26,62.38
2025-06-24 22:35:11,100.01,62.38
2025-06-24 22:35:12,100.02,62.25
2025-06-24 22:35:13,99.92,62.25
2025-06-24 22:35:14,100.78,62.88
2025-06-24 22:35:15,100.42,63.38
2025-06-24 22:35:16,100.18,63.62
2025-06-24 22:35:17,100.0,64.5
2025-06-24 22:35:18,99.77,64.0
2025-06-24 22:35:19,100.07,63.5
2025-06-24 22:35:20,100.42,63.0
2025-06-24 22:35:21,99.98,62.62
2025-06-24 22:35:22,100.23,62.25
2025-06-24 22:35:23,99.86,62.0
2025-06-24 22:35:24,101.17,61.75
2025-06-24 22:35:25,100.0,61.5
2025-06-24 22:35:26,101.16,61.38
2025-06-24 22:35:27,100.3,61.12
2025-06-24 22:35:28,100.17,61.12
2025-06-24 22:35:29,99.49,61.0
2025-06-24 22:35:30,101.53,61.0
2025-06-24 22:35:31,100.54,61.88
2025-06-24 22:35:32,100.24,63.12
2025-06-24 22:35:33,100.0,63.0
2025-06-24 22:35:34,99.66,62.75
2025-06-24 22:35:35,100.3,62.38
2025-06-24 22:35:36,100.66,62.12
2025-06-24 22:35:37,99.7,62.0
2025-06-24 22:35:38,100.11,61.75
2025-06-24 22:35:39,100.3,61.62
2025-06-24 22:35:40,99.77,61.5
2025-06-24 22:35:41,99.6,61.38
2025-06-24 22:35:42,100.49,62.25
2025-06-24 22:35:43,100.0,62.12
2025-06-24 22:35:44,100.52,61.88
2025-06-24 22:35:45,99.93,61.75
2025-06-24 22:35:46,99.89,62.38
2025-06-24 22:35:47,100.42,62.12
2025-06-24 22:35:48,100.09,62.0
2025-06-24 22:35:49,99.83,61.75
2025-06-24 22:35:50,100.44,61.62
2025-06-24 22:35:51,99.99,61.5
2025-06-24 22:35:52,100.49,61.38
2025-06-24 22:35:53,100.5,61.38
2025-06-24 22:35:54,99.98,61.25
2025-06-24 22:35:55,101.25,61.25
2025-06-24 22:35:56,99.68,61.25
2025-06-24 22:35:57,100.23,61.25
2025-06-24 22:35:58,100.52,61.25
2025-06-24 22:35:59,99.9,61.25
2025-06-24 22:36:00,99.99,61.5
2025-06-24 22:36:01,99.76,62.25
2025-06-24 22:36:02,99.92,62.12
2025-06-24 22:36:03,100.47,62.0
2025-06-24 22:36:04,100.29,61.75
2025-06-24 22:36:05,99.46,61.75
2025-06-24 22:36:06,100.45,61.62
2025-06-24 22:36:07,99.97,61.5
2025-06-24 22:36:08,101.39,61.38
2025-06-24 22:36:09,99.99,61.38
2025-06-24 22:36:10,99.86,61.25
2025-06-24 22:36:11,100.21,61.25
2025-06-24 22:36:12,99.66,61.12
2025-06-24 22:36:13,99.21,61.12
2025-06-24 22:36:14,100.34,61.12
2025-06-24 22:36:17,110.01,64.88
2025-06-24 22:36:18,110.46,65.12
2025-06-24 22:36:19,110.11,65.0
2025-06-24 22:36:20,110.1,65.0
2025-06-24 22:36:21,110.19,64.88
2025-06-24 22:36:22,110.13,64.88
2025-06-24 22:36:23,110.27,65.0
2025-06-24 22:36:24,110.0,64.88
2025-06-24 22:36:25,109.41,65.25
2025-06-24 22:36:26,109.78,65.25
2025-06-24 22:36:27,110.5,65.12
2025-06-24 22:36:28,109.95,65.12
2025-06-24 22:36:29,110.27,65.25
2025-06-24 22:36:30,109.97,65.38
2025-06-24 22:36:31,110.83,67.5
2025-06-24 22:36:32,110.0,67.12
2025-06-24 22:36:33,112.04,66.75
2025-06-24 22:36:34,110.1,66.5
2025-06-24 22:36:35,110.0,66.25
2025-06-24 22:36:36,110.0,66.0
2025-06-24 22:36:37,109.69,65.88
2025-06-24 22:36:38,110.08,65.62
2025-06-24 22:36:39,109.49,65.5
2025-06-24 22:36:40,109.99,66.88
2025-06-24 22:36:41,111.21,68.12
2025-06-24 22:36:42,109.99,68.5
2025-06-24 22:36:43,109.7,68.62
2025-06-24 22:36:44,110.4,68.25
2025-06-24 22:36:45,110.13,67.62
2025-06-24 22:36:46,109.34,68.5
2025-06-24 22:36:47,110.31,68.0
2025-06-24 22:36:48,110.22,67.5
2025-06-24 22:36:49,109.6,67.12
2025-06-24 22:36:50,109.99,66.88
2025-06-24 22:36:51,110.02,66.5
2025-06-24 22:36:52,110.12,66.25
2025-06-24 22:36:53,110.24,66.0
2025-06-24 22:36:54,109.79,65.88
2025-06-24 22:36:55,109.83,65.75
2025-06-24 22:36:56,110.49,65.62
2025-06-24 22:36:57,109.92,66.12
2025-06-24 22:36:58,110.07,65.88
2025-06-24 22:36:59,109.99,65.62
2025-06-24 22:37:00,109.95,65.38
2025-06-24 22:37:01,109.69,65.5
2025-06-24 22:37:02,109.82,65.38
2025-06-24 22:37:03,111.03,65.25
2025-06-24 22:37:04,110.32,65.25
2025-06-24 22:37:05,110.01,65.12
2025-06-24 22:37:06,109.72,65.38
2025-06-24 22:37:07,110.11,65.38
2025-06-24 22:37:08,110.59,65.38
2025-06-24 22:37:09,109.67,65.25
2025-06-24 22:37:10,109.8,65.12
2025-06-24 22:37:11,109.63,65.0
2025-06-24 22:37:12,109.99,65.0
2025-06-24 22:37:13,109.84,65.0
2025-06-24 22:37:14,109.99,65.0
2025-06-24 22:37:15,111.12,65.0
2025-06-24 22:37:16,110.12,65.5
2025-06-24 22:37:17,110.13,66.38
2025-06-24 22:37:18,109.83,66.38
2025-06-24 22:37:19,111.69,66.5
2025-06-24 22:37:20,110.78,66.75
2025-06-24 22:37:21,109.57,66.75
2025-06-24 22:37:23,109.71,66.75
2025-06-24 22:37:24,109.99,66.88
2025-06-24 22:37:25,112.28,67.0
2025-06-24 22:37:26,110.02,67.12
2025-06-24 22:37:27,110.14,67.0
2025-06-24 22:37:28,110.97,67.12
2025-06-24 22:37:29,110.1,66.88
2025-06-24 22:37:30,110.45,66.62
2025-06-24 22:37:31,112.09,66.5
2025-06-24 22:37:32,110.02,68.25
2025-06-24 22:37:33,110.14,68.25
2025-06-24 22:37:34,110.24,67.88
2025-06-24 22:37:35,110.16,67.38
2025-06-24 22:37:36,109.86,67.0
2025-06-24 22:37:37,112.73,66.62
2025-06-24 22:37:38,109.75,66.75
2025-06-24 22:37:39,110.0,66.38
2025-06-24 22:37:40,110.49,66.12
2025-06-24 22:37:41,109.79,66.0
2025-06-24 22:37:42,110.18,65.88
2025-06-24 22:37:43,110.14,67.0
2025-06-24 22:37:44,110.47,68.25
2025-06-24 22:37:45,110.46,67.88
2025-06-24 22:37:46,109.42,67.75
2025-06-24 22:37:47,110.04,68.88
2025-06-24 22:37:48,111.76,68.38
2025-06-24 22:37:49,109.69,67.88
2025-06-24 22:37:50,110.07,67.5
2025-06-24 22:37:51,110.39,67.12
2025-06-24 22:37:52,109.9,66.88
2025-06-24 22:37:53,110.46,66.62
2025-06-24 22:37:54,110.05,66.38
2025-06-24 22:37:55,110.33,66.25
2025-06-24 22:37:56,110.0,66.0
2025-06-24 22:37:57,109.65,65.88
2025-06-24 22:37:58,109.95,66.38
2025-06-24 22:37:59,110.42,66.38
2025-06-24 22:38:00,110.39,67.0
2025-06-24 22:38:01,109.85,66.88
2025-06-24 22:38:02,110.14,66.5
2025-06-24 22:38:03,110.85,66.25
2025-06-24 22:38:04,110.62,65.75
2025-06-24 22:38:05,109.99,65.38
2025-06-24 22:38:06,110.55,65.12
2025-06-24 22:38:07,109.75,64.88
2025-06-24 22:38:08,110.14,64.62
2025-06-24 22:38:09,110.2,64.5
2025-06-24 22:38:10,109.84,64.25
2025-06-24 22:38:11,110.64,64.12
2025-06-24 22:38:12,110.31,64.0
2025-06-24 22:38:13,109.96,63.88
2025-06-24 22:38:14,110.68,63.88
2025-06-24 22:38:15,110.21,63.75
2025-06-24 22:38:16,109.98,63.88
2025-06-24 22:38:17,109.86,63.75
2025-06-24 22:38:18,110.13,63.38
2025-06-24 22:38:19,110.14,62.88
2025-06-24 22:38:20,109.94,62.38
2025-06-24 22:38:21,110.03,62.0
2025-06-24 22:38:22,110.2,61.62
2025-06-24 22:38:23,110.06,61.38
2025-06-24 22:38:24,110.3,61.12
2025-06-24 22:38:25,109.92,60.88
2025-06-24 22:38:26,110.0,60.75
2025-06-24 22:38:27,110.16,60.62
2025-06-24 22:38:28,109.94,60.5
2025-06-24 22:38:29,109.86,60.38
2025-06-24 22:38:30,110.51,60.38
2025-06-24 22:38:31,110.17,60.38
2025-06-24 22:38:32,110.49,60.38
2025-06-24 22:38:33,109.94,60.38
2025-06-24 22:38:34,110.19,60.25
2025-06-24 22:38:35,110.2,60.38
2025-06-24 22:38:36,110.04,60.38
2025-06-24 22:38:37,110.0,60.38
2025-06-24 22:38:38,110.31,60.38
2025-06-24 22:38:39,110.51,60.5
2025-06-24 22:38:40,110.02,60.5
2025-06-24 22:38:41,110.36,60.5
2025-06-24 22:38:42,110.15,60.5
2025-06-24 22:38:43,110.24,60.5
2025-06-24 22:38:44,110.14,60.5
2025-06-24 22:38:45,109.76,60.5
2025-06-24 22:38:46,110.08,60.5
2025-06-24 22:38:47,110.36,60.5
2025-06-24 22:38:48,110.0,60.62
2025-06-24 22:38:49,110.02,60.62
2025-06-24 22:38:50,110.13,60.62
2025-06-24 22:38:51,110.45,60.62
2025-06-24 22:38:52,110.24,60.62
2025-06-24 22:38:53,110.59,60.62
2025-06-24 22:38:54,110.09,60.62
2025-06-24 22:38:55,110.2,60.62
2025-06-24 22:38:56,110.01,60.62
2025-06-24 22:38:57,110.45,60.62
2025-06-24 22:38:58,110.47,60.62
2025-06-24 22:38:59,110.0,60.62
2025-06-24 22:39:00,109.81,60.62
2025-06-24 22:39:01,110.44,60.75
2025-06-24 22:39:02,110.3,60.75
2025-06-24 22:39:03,110.11,60.62
2025-06-24 22:39:04,109.91,60.62
2025-06-24 22:39:05,110.6,60.62
2025-06-24 22:39:06,110.63,60.62
2025-06-24 22:39:07,110.52,60.62
2025-06-24 22:39:08,109.96,60.62
2025-06-24 22:39:09,110.56,60.75
2025-06-24 22:39:10,110.0,60.75
2025-06-24 22:39:11,110.02,60.75
2025-06-24 22:39:12,110.26,60.75
2025-06-24 22:39:13,110.3,60.75
2025-06-24 22:39:14,109.98,60.75
2025-06-24 22:39:15,110.28,60.75
2025-06-24 22:39:16,110.16,60.75
2025-06-24 22:39:17,110.59,60.75
2025-06-24 22:39:18,109.65,60.75
2025-06-24 22:39:19,110.23,60.75
2025-06-24 22:39:20,110.0,60.75
2025-06-24 22:39:21,110.27,60.75
2025-06-24 22:39:22,110.52,60.75
2025-06-24 22:39:23,110.32,60.75
2025-06-24 22:39:24,110.05,60.75
2025-06-24 22:39:25,110.33,60.75
2025-06-24 22:39:26,110.68,60.75
2025-06-24 22:39:27,109.67,60.88
2025-06-24 22:39:28,110.48,60.75
2025-06-24 22:39:29,109.88,60.88
2025-06-24 22:39:30,110.0,60.88
2025-06-24 22:39:31,110.26,60.88
2025-06-24 22:39:32,110.0,60.88
2025-06-24 22:39:33,110.65,60.88
2025-06-24 22:39:34,110.58,60.88
2025-06-24 22:39:35,110.02,60.88
2025-06-24 22:39:36,109.96,60.88
2025-06-24 22:39:37,110.66,60.88
2025-06-24 22:39:38,110.34,60.75
2025-06-24 22:39:39,110.41,60.88
2025-06-24 22:39:40,110.26,60.88
2025-06-24 22:39:41,110.51,60.88
2025-06-24 22:39:42,110.33,60.88
2025-06-24 22:39:43,110.0,60.88
2025-06-24 22:39:44,110.35,61.0
2025-06-24 22:39:45,110.47,61.12
2025-06-24 22:39:46,110.43,61.12
2025-06-24 22:39:47,110.33,61.12
2025-06-24 22:39:48,110.29,61.0
2025-06-24 22:39:49,110.04,61.0
2025-06-24 22:39:50,110.26,61.0
2025-06-24 22:39:51,110.14,61.0
2025-06-24 22:39:52,110.47,61.0
2025-06-24 22:39:53,109.95,61.0
2025-06-24 22:39:54,110.0,61.0
2025-06-24 22:39:55,109.99,61.0
2025-06-24 22:39:56,109.98,61.0
2025-06-24 22:39:57,110.36,61.0
2025-06-24 22:39:58,110.52,61.0
2025-06-24 22:39:59,110.32,61.0
2025-06-24 22:40:00,110.83,61.0
2025-06-24 22:40:01,109.82,61.12
2025-06-24 22:40:02,110.09,61.12
2025-06-24 22:40:03,110.01,61.12
2025-06-24 22:40:04,110.46,61.12
2025-06-24 22:40:05,109.84,61.12
2025-06-24 22:40:06,110.17,61.12
2025-06-24 22:40:07,110.36,61.12
2025-06-24 22:40:08,110.01,61.12
2025-06-24 22:40:09,110.4,61.12
2025-06-24 22:40:10,110.19,61.12
2025-06-24 22:40:11,110.38,61.12
2025-06-24 22:40:12,110.22,61.12
2025-06-24 22:40:13,110.07,61.12
2025-06-24 22:40:14,110.0,61.12
2025-06-24 22:40:15,110.2,61.12
2025-06-24 22:40:16,110.03,61.12
2025-06-24 22:40:17,110.39,61.12
2025-06-24 22:40:18,109.94,61.12
2025-06-24 22:40:19,110.12,61.12
2025-06-24 22:40:20,110.11,61.12
2025-06-24 22:40:21,110.18,61.12
2025-06-24 22:40:22,110.1,61.12
2025-06-24 22:40:23,110.19,61.12
2025-06-24 22:40:24,110.0,61.12
2025-06-24 22:40:25,110.16,61.12
2025-06-24 22:40:26,110.76,61.12
2025-06-24 22:40:27,110.05,61.12
2025-06-24 22:40:28,110.28,61.12
2025-06-24 22:40:31,120.27,63.5
2025-06-24 22:40:32,120.29,63.5
2025-06-24 22:40:33,120.32,63.62
2025-06-24 22:40:34,120.32,63.62
2025-06-24 22:40:35,120.0,63.62
2025-06-24 22:40:36,120.16,63.62
2025-06-24 22:40:37,120.08,63.62
2025-06-24 22:40:38,120.15,63.62
2025-06-24 22:40:39,119.96,63.75
2025-06-24 22:40:40,120.04,63.75
2025-06-24 22:40:41,120.01,63.75
2025-06-24 22:40:42,120.26,63.75
2025-06-24 22:40:43,119.96,63.75
2025-06-24 22:40:44,120.28,63.75
2025-06-24 22:40:45,120.15,64.0
2025-06-24 22:40:46,120.0,64.0
2025-06-24 22:40:47,120.46,64.0
2025-06-24 22:40:48,120.01,63.88
2025-06-24 22:40:49,120.09,64.0
2025-06-24 22:40:50,119.99,64.0
2025-06-24 22:40:51,120.24,64.0
2025-06-24 22:40:52,119.82,64.0
2025-06-24 22:40:53,120.16,64.0
2025-06-24 22:40:54,119.94,64.0
2025-06-24 22:40:55,120.07,64.0
2025-06-24 22:40:56,120.22,64.0
2025-06-24 22:40:57,120.0,64.0
2025-06-24 22:40:58,119.87,64.0
2025-06-24 22:40:59,120.25,64.0
2025-06-24 22:41:00,120.11,64.0
2025-06-24 22:41:01,120.26,64.12
2025-06-24 22:41:02,120.12,64.0
2025-06-24 22:41:03,120.7,64.75
2025-06-24 22:41:04,120.42,64.62
2025-06-24 22:41:05,120.22,64.5
2025-06-24 22:41:06,120.06,64.5
2025-06-24 22:41:07,120.44,64.38
2025-06-24 22:41:08,120.0,64.38
2025-06-24 22:41:09,119.93,64.38
2025-06-24 22:41:10,119.72,64.25
2025-06-24 22:41:11,120.04,64.25
2025-06-24 22:41:12,119.88,64.12
2025-06-24 22:41:13,120.13,64.12
2025-06-24 22:41:14,120.07,64.12
2025-06-24 22:41:15,120.08,64.12
2025-06-24 22:41:16,119.95,64.12
2025-06-24 22:41:17,120.22,64.12
2025-06-24 22:41:18,120.0,64.12
2025-06-24 22:41:19,120.07,64.12
2025-06-24 22:41:20,120.27,64.12
2025-06-24 22:41:21,120.42,64.12
2025-06-24 22:41:22,120.4,64.12
2025-06-24 22:41:23,120.53,64.12
2025-06-24 22:41:24,120.1,64.12
2025-06-24 22:41:25,119.97,64.25
2025-06-24 22:41:26,120.29,64.12
2025-06-24 22:41:27,120.27,64.12
2025-06-24 22:41:28,119.84,64.25
2025-06-24 22:41:29,120.0,64.25
2025-06-24 22:41:30,120.11,64.25
2025-06-24 22:41:31,120.2,64.38
2025-06-24 22:41:32,120.4,64.38
2025-06-24 22:41:33,119.94,64.38
2025-06-24 22:41:34,120.36,64.38
2025-06-24 22:41:35,120.01,64.38
2025-06-24 22:41:36,120.16,64.38
2025-06-24 22:41:37,120.42,64.38
2025-06-24 22:41:38,120.18,64.38
2025-06-24 22:41:39,120.0,64.38
2025-06-24 22:41:40,119.69,64.38
2025-06-24 22:41:41,119.96,64.38
2025-06-24 22:41:42,120.02,64.38
2025-06-24 22:41:43,120.44,64.5
2025-06-24 22:41:44,119.96,64.38
2025-06-24 22:41:45,119.97,64.5
2025-06-24 22:41:46,120.62,64.5
2025-06-24 22:41:47,120.24,64.5
2025-06-24 22:41:48,120.17,64.5
2025-06-24 22:41:49,120.0,64.38
2025-06-24 22:41:50,120.3,64.5
2025-06-24 22:41:51,120.6,64.5
2025-06-24 22:41:52,120.07,64.5
2025-06-24 22:41:53,120.21,64.5
2025-06-24 22:41:54,120.59,64.5
2025-06-24 22:41:55,120.1,64.5
2025-06-24 22:41:56,120.16,64.5
2025-06-24 22:41:57,120.31,64.5
2025-06-24 22:41:58,120.05,64.5
2025-06-24 22:41:59,120.0,64.5
2025-06-24 22:42:00,120.55,64.5
2025-06-24 22:42:01,119.9,64.5
2025-06-24 22:42:02,119.91,64.5
2025-06-24 22:42:03,119.99,64.5
2025-06-24 22:42:04,120.14,64.5
2025-06-24 22:42:05,120.58,64.5
2025-06-24 22:42:06,120.06,64.5
2025-06-24 22:42:07,120.26,64.5
2025-06-24 22:42:08,120.07,64.5
2025-06-24 22:42:09,119.96,64.5
2025-06-24 22:42:10,120.0,64.5
2025-06-24 22:42:11,120.16,64.5
2025-06-24 22:42:12,120.04,64.5
2025-06-24 22:42:13,120.21,64.5
2025-06-24 22:42:14,120.32,64.5
2025-06-24 22:42:15,120.2,64.5
2025-06-24 22:42:16,120.91,64.5
2025-06-24 22:42:17,120.02,64.5
2025-06-24 22:42:18,120.07,64.5
2025-06-24 22:42:19,120.0,64.5
2025-06-24 22:42:20,120.0,64.62
2025-06-24 22:42:21,119.9,64.62
2025-06-24 22:42:22,120.28,64.62
2025-06-24 22:42:23,120.4,64.62
2025-06-24 22:42:24,120.44,64.5
2025-06-24 22:42:25,120.03,64.5
2025-06-24 22:42:26,119.91,64.5
2025-06-24 22:42:27,120.09,64.5
2025-06-24 22:42:28,120.43,64.5
2025-06-24 22:42:29,120.0,64.5
2025-06-24 22:42:30,120.15,64.62
2025-06-24 22:42:31,120.0,64.62
2025-06-24 22:42:32,120.42,64.62
2025-06-24 22:42:33,120.11,64.62
2025-06-24 22:42:34,119.94,64.5
2025-06-24 22:42:35,119.9,64.5
2025-06-24 22:42:36,119.85,64.5
2025-06-24 22:42:37,119.96,64.5
2025-06-24 22:42:38,120.19,64.5
2025-06-24 22:42:39,119.68,64.5
2025-06-24 22:42:40,120.07,64.62
2025-06-24 22:42:41,119.96,64.62
2025-06-24 22:42:42,120.0,64.62
2025-06-24 22:42:43,119.81,64.62
2025-06-24 22:42:44,120.12,64.62
2025-06-24 22:42:45,120.05,64.62
2025-06-24 22:42:46,120.41,64.62
2025-06-24 22:42:47,119.93,64.62
2025-06-24 22:42:48,120.0,64.62
2025-06-24 22:42:49,120.02,64.62
2025-06-24 22:42:50,119.86,64.62
2025-06-24 22:42:51,120.13,64.62
2025-06-24 22:42:52,119.84,64.62
2025-06-24 22:42:53,120.0,64.5
2025-06-24 22:42:54,120.31,64.62
2025-06-24 22:42:55,119.9,64.62
2025-06-24 22:42:56,120.15,64.62
2025-06-24 22:42:57,120.19,64.62
2025-06-24 22:42:58,120.07,64.62
2025-06-24 22:42:59,120.09,64.62
2025-06-24 22:43:00,120.11,64.75
2025-06-24 22:43:03,130.28,67.38
2025-06-24 22:43:04,130.0,67.5
2025-06-24 22:43:05,130.28,67.5
2025-06-24 22:43:06,130.63,67.5
2025-06-24 22:43:07,130.01,67.5
2025-06-24 22:43:08,129.82,67.62
2025-06-24 22:43:09,130.09,67.75
2025-06-24 22:43:10,130.25,67.88
2025-06-24 22:43:11,129.86,67.75
2025-06-24 22:43:12,129.88,67.75
2025-06-24 22:43:13,130.38,67.75
2025-06-24 22:43:14,130.0,67.75
2025-06-24 22:43:15,130.15,67.75
2025-06-24 22:43:16,130.08,69.62
2025-06-24 22:43:17,130.55,69.38
2025-06-24 22:43:18,130.1,69.12
2025-06-24 22:43:19,129.8,68.88
2025-06-24 22:43:20,130.43,68.75
2025-06-24 22:43:21,130.58,68.62
2025-06-24 22:43:22,130.27,68.5
2025-06-24 22:43:23,130.12,68.38
2025-06-24 22:43:24,130.2,68.38
2025-06-24 22:43:25,130.0,68.25
2025-06-24 22:43:26,130.52,68.25
2025-06-24 22:43:27,130.15,68.25
2025-06-24 22:43:28,129.83,68.25
2025-06-24 22:43:29,130.46,68.12
2025-06-24 22:43:30,130.2,68.25
2025-06-24 22:43:31,130.64,68.25
2025-06-24 22:43:32,130.27,68.25
2025-06-24 22:43:33,130.19,68.25
2025-06-24 22:43:34,130.13,68.25
2025-06-24 22:43:35,130.0,68.25
2025-06-24 22:43:36,130.0,68.25
2025-06-24 22:43:37,130.57,68.25
2025-06-24 22:43:38,130.04,68.12
2025-06-24 22:43:39,130.45,68.12
2025-06-24 22:43:40,130.34,68.25
2025-06-24 22:43:41,130.06,68.25
2025-06-24 22:43:42,130.19,68.12
2025-06-24 22:43:43,130.43,68.12
2025-06-24 22:43:44,130.18,68.12
2025-06-24 22:43:45,130.51,68.12
2025-06-24 22:43:46,130.62,68.25
2025-06-24 22:43:47,130.0,68.12
2025-06-24 22:43:48,130.18,68.12
2025-06-24 22:43:49,130.24,68.25
2025-06-24 22:43:50,130.06,68.38
2025-06-24 22:43:51,130.37,68.38
2025-06-24 22:43:52,130.1,68.25
2025-06-24 22:43:53,130.25,68.25
2025-06-24 22:43:54,130.46,68.38
2025-06-24 22:43:55,130.18,68.38
2025-06-24 22:43:56,130.48,68.38
2025-06-24 22:43:57,130.0,68.38
2025-06-24 22:43:58,129.9,68.38
2025-06-24 22:43:59,130.47,68.38
2025-06-24 22:44:00,129.92,68.5
2025-06-24 22:44:01,130.49,68.5
2025-06-24 22:44:02,130.32,68.5
2025-06-24 22:44:03,130.03,68.5
2025-06-24 22:44:04,129.74,68.5
2025-06-24 22:44:05,130.54,68.5
2025-06-24 22:44:06,130.22,68.38
2025-06-24 22:44:07,130.37,68.38
2025-06-24 22:44:08,130.0,68.38
2025-06-24 22:44:09,130.41,68.38
2025-06-24 22:44:10,130.41,68.5
2025-06-24 22:44:11,130.37,68.5
2025-06-24 22:44:12,130.5,68.5
2025-06-24 22:44:13,130.44,68.5
2025-06-24 22:44:14,130.25,68.38
2025-06-24 22:44:15,129.95,68.38
2025-06-24 22:44:16,130.45,68.5
2025-06-24 22:44:17,129.96,68.38
2025-06-24 22:44:18,130.11,68.38
2025-06-24 22:44:19,130.0,68.5
2025-06-24 22:44:20,130.03,68.5
2025-06-24 22:44:21,130.37,68.62
2025-06-24 22:44:22,130.24,68.62
2025-06-24 22:44:23,129.99,68.62
2025-06-24 22:44:24,129.91,68.62
2025-06-24 22:44:25,130.3,68.62
2025-06-24 22:44:26,130.35,68.62
2025-06-24 22:44:27,130.21,68.62
2025-06-24 22:44:28,130.28,68.62
2025-06-24 22:44:29,130.63,68.62
2025-06-24 22:44:30,130.0,68.62
2025-06-24 22:44:31,130.03,68.75
2025-06-24 22:44:32,130.58,68.75
2025-06-24 22:44:33,130.33,68.75
2025-06-24 22:44:34,129.74,68.75
2025-06-24 22:44:35,130.11,68.75
2025-06-24 22:44:36,129.94,68.75
2025-06-24 22:44:37,130.22,68.75
2025-06-24 22:44:38,130.21,68.62
2025-06-24 22:44:39,129.96,68.62
2025-06-24 22:44:40,130.24,68.62
2025-06-24 22:44:41,130.0,68.62
2025-06-24 22:44:42,130.25,68.75
2025-06-24 22:44:43,130.19,68.75
2025-06-24 22:44:44,129.93,68.62
2025-06-24 22:44:45,130.56,68.75
2025-06-24 22:44:46,130.17,68.75
2025-06-24 22:44:47,130.35,68.62
2025-06-24 22:44:48,130.58,68.62
2025-06-24 22:44:49,130.01,68.75
2025-06-24 22:44:50,130.15,68.75
2025-06-24 22:44:51,130.0,68.88
2025-06-24 22:44:52,130.41,68.88
2025-06-24 22:44:53,130.03,68.88
2025-06-24 22:44:54,129.95,68.88
2025-06-24 22:44:55,129.92,68.88
2025-06-24 22:44:56,130.2,68.75
2025-06-24 22:44:57,130.08,68.75
2025-06-24 22:44:58,130.03,68.88
2025-06-24 22:44:59,130.43,68.88
2025-06-24 22:45:00,130.51,68.88
2025-06-24 22:45:01,130.0,68.88
2025-06-24 22:45:02,130.07,68.88
2025-06-24 22:45:03,129.6,68.88
2025-06-24 22:45:04,130.27,68.88
2025-06-24 22:45:05,130.3,68.88
2025-06-24 22:45:06,130.51,68.88
2025-06-24 22:45:07,130.13,68.88
2025-06-24 22:45:08,130.27,68.88
2025-06-24 22:45:09,130.14,68.88
2025-06-24 22:45:10,130.2,68.88
2025-06-24 22:45:11,130.25,68.88
2025-06-24 22:45:12,130.0,68.88
2025-06-24 22:45:13,130.38,68.88
2025-06-24 22:45:14,130.58,68.88
2025-06-24 22:45:15,130.18,68.88
2025-06-24 22:45:16,130.33,68.88
2025-06-24 22:45:17,130.21,68.88
2025-06-24 22:45:18,130.08,68.88
2025-06-24 22:45:19,130.17,68.88
2025-06-24 22:45:20,130.22,68.88
2025-06-24 22:45:21,130.14,68.88
2025-06-24 22:45:22,130.27,68.88
2025-06-24 22:45:23,130.0,68.88
2025-06-24 22:45:24,130.24,68.88
2025-06-24 22:45:25,130.15,68.88
2025-06-24 22:45:26,130.4,69.0
2025-06-24 22:45:27,130.35,69.0
2025-06-24 22:45:28,130.12,69.0
2025-06-24 22:45:29,130.38,68.88
2025-06-24 22:45:30,130.03,69.0
2025-06-24 22:45:31,129.95,69.0
2025-06-24 22:45:32,130.24,69.0
2025-06-24 22:45:35,140.18,71.62
2025-06-24 22:45:36,140.55,71.75
2025-06-24 22:45:37,140.21,71.75
2025-06-24 22:45:38,140.26,71.75
2025-06-24 22:45:39,140.22,71.75
2025-06-24 22:45:40,139.93,71.88
2025-06-24 22:45:41,139.94,71.88
2025-06-24 22:45:42,140.1,72.0
2025-06-24 22:45:43,140.09,72.0
2025-06-24 22:45:44,140.0,72.0
2025-06-24 22:45:45,140.22,72.0
2025-06-24 22:45:46,140.09,72.12
2025-06-24 22:45:47,140.54,72.12
2025-06-24 22:45:48,140.11,72.25
2025-06-24 22:45:49,140.16,72.25
2025-06-24 22:45:50,140.01,72.25
2025-06-24 22:45:51,140.14,72.25
2025-06-24 22:45:52,140.36,72.12
2025-06-24 22:45:53,140.62,72.12
2025-06-24 22:45:54,140.15,72.12
2025-06-24 22:45:55,140.0,72.12
2025-06-24 22:45:56,140.37,72.12
2025-06-24 22:45:57,140.14,72.12
2025-06-24 22:45:58,140.0,72.12
2025-06-24 22:45:59,140.48,72.12
2025-06-24 22:46:00,140.6,72.25
2025-06-24 22:46:01,140.27,72.38
2025-06-24 22:46:02,140.08,72.38
2025-06-24 22:46:03,140.27,72.38
2025-06-24 22:46:04,139.86,72.38
2025-06-24 22:46:05,140.29,72.38
2025-06-24 22:46:06,140.0,72.38
2025-06-24 22:46:07,140.01,72.5
2025-06-24 22:46:08,139.99,72.5
2025-06-24 22:46:09,140.02,72.5
2025-06-24 22:46:10,140.08,72.5
2025-06-24 22:46:11,140.2,72.5
2025-06-24 22:46:12,140.1,72.5
2025-06-24 22:46:13,140.36,72.5
2025-06-24 22:46:14,140.3,72.5
2025-06-24 22:46:15,140.73,72.5
2025-06-24 22:46:16,140.63,72.62
2025-06-24 22:46:17,140.0,72.62
2025-06-24 22:46:18,139.89,72.62
2025-06-24 22:46:19,140.39,72.5
2025-06-24 22:46:20,140.85,72.5
2025-06-24 22:46:21,140.18,72.62
2025-06-24 22:46:22,140.28,72.62
2025-06-24 22:46:23,140.06,72.62
2025-06-24 22:46:24,140.44,72.62
2025-06-24 22:46:25,140.19,72.88
2025-06-24 22:46:26,140.04,72.75
2025-06-24 22:46:27,140.0,72.75
2025-06-24 22:46:28,139.82,72.75
2025-06-24 22:46:29,140.17,72.75
2025-06-24 22:46:30,140.34,72.75
2025-06-24 22:46:31,140.47,72.88
2025-06-24 22:46:32,139.82,72.88
2025-06-24 22:46:33,139.99,72.88
2025-06-24 22:46:34,140.2,72.75
2025-06-24 22:46:35,140.08,72.75
2025-06-24 22:46:36,140.62,72.75
2025-06-24 22:46:37,140.27,72.75
2025-06-24 22:46:38,140.0,72.75
2025-06-24 22:46:39,140.16,72.75
2025-06-24 22:46:40,140.24,72.75
2025-06-24 22:46:41,140.43,72.88
2025-06-24 22:46:42,140.3,72.88
2025-06-24 22:46:43,140.14,72.88
2025-06-24 22:46:44,140.25,72.88
2025-06-24 22:46:45,139.96,72.88
2025-06-24 22:46:46,140.88,72.88
2025-06-24 22:46:47,140.88,72.88
2025-06-24 22:46:48,140.27,72.88
2025-06-24 22:46:49,140.0,72.88
2025-06-24 22:46:50,140.33,72.88
2025-06-24 22:46:51,140.45,73.0
2025-06-24 22:46:52,140.32,72.88
2025-06-24 22:46:53,140.32,72.88
2025-06-24 22:46:54,140.56,72.88
2025-06-24 22:46:55,139.77,72.88
2025-06-24 22:46:56,140.36,72.88
2025-06-24 22:46:57,139.57,72.88
2025-06-24 22:46:58,140.02,72.88
2025-06-24 22:46:59,140.0,73.0
2025-06-24 22:47:00,140.18,73.0
2025-06-24 22:47:01,141.15,73.25
2025-06-24 22:47:02,140.85,73.25
2025-06-24 22:47:03,140.11,73.12
2025-06-24 22:47:04,139.95,73.12
2025-06-24 22:47:05,141.0,73.12
2025-06-24 22:47:06,139.83,73.12
2025-06-24 22:47:07,140.21,73.12
2025-06-24 22:47:08,140.1,73.12
2025-06-24 22:47:09,140.2,73.12
2025-06-24 22:47:10,139.99,73.12
2025-06-24 22:47:11,140.55,73.25
2025-06-24 22:47:12,140.17,73.25
2025-06-24 22:47:13,140.75,73.25
2025-06-24 22:47:14,140.34,73.12
2025-06-24 22:47:15,140.65,73.12
2025-06-24 22:47:16,140.58,73.25
2025-06-24 22:47:17,140.54,73.25
2025-06-24 22:47:18,140.43,73.12
2025-06-24 22:47:19,140.09,73.12
2025-06-24 22:47:20,139.99,73.12
2025-06-24 22:47:21,139.61,73.25
2025-06-24 22:47:22,139.96,73.25
2025-06-24 22:47:23,140.37,73.25
2025-06-24 22:47:24,140.42,73.25
2025-06-24 22:47:25,139.87,73.25
2025-06-24 22:47:26,140.12,73.25
2025-06-24 22:47:27,140.86,73.25
2025-06-24 22:47:28,140.45,73.25
2025-06-24 22:47:29,140.72,73.25
2025-06-24 22:47:30,140.0,73.25
2025-06-24 22:47:31,140.0,73.25
2025-06-24 22:47:32,140.07,73.25
2025-06-24 22:47:33,140.18,73.25
2025-06-24 22:47:34,140.06,73.25
2025-06-24 22:47:35,140.46,73.25
2025-06-24 22:47:36,140.26,73.25
2025-06-24 22:47:37,140.33,73.25
2025-06-24 22:47:38,140.64,73.25
2025-06-24 22:47:39,140.56,73.25
2025-06-24 22:47:40,140.22,73.25
2025-06-24 22:47:41,140.1,73.25
2025-06-24 22:47:42,140.0,73.25
2025-06-24 22:47:43,139.98,73.25
2025-06-24 22:47:44,140.79,73.25
2025-06-24 22:47:45,139.48,73.25
2025-06-24 22:47:46,140.42,73.25
2025-06-24 22:47:47,140.16,73.25
2025-06-24 22:47:48,139.86,73.38
2025-06-24 22:47:49,140.14,73.5
2025-06-24 22:47:50,140.49,73.5
2025-06-24 22:47:51,139.93,73.5
2025-06-24 22:47:52,140.1,73.5
2025-06-24 22:47:53,140.0,73.5
2025-06-24 22:47:54,140.22,73.5
2025-06-24 22:47:55,140.21,73.5
2025-06-24 22:47:56,140.55,73.62
2025-06-24 22:47:57,139.87,73.5
2025-06-24 22:47:58,140.51,73.5
2025-06-24 22:47:59,140.56,73.5
2025-06-24 22:48:00,140.22,73.5
2025-06-24 22:48:01,140.09,73.62
2025-06-24 22:48:02,140.32,73.5
2025-06-24 22:48:03,140.0,73.5
2025-06-24 22:48:04,140.52,73.5
2025-06-24 22:48:07,150.19,76.0
2025-06-24 22:48:08,150.1,76.12
2025-06-24 22:48:09,150.18,76.12
2025-06-24 22:48:10,149.91,76.12
2025-06-24 22:48:11,150.36,76.25
2025-06-24 22:48:12,149.73,76.25
2025-06-24 22:48:13,150.15,76.25
2025-06-24 22:48:14,150.0,76.25
2025-06-24 22:48:15,150.12,76.25
2025-06-24 22:48:16,150.06,76.38
2025-06-24 22:48:17,150.42,76.5
2025-06-24 22:48:18,150.26,76.5
2025-06-24 22:48:20,150.0,76.5
2025-06-24 22:48:21,149.99,76.5
2025-06-24 22:48:22,149.82,76.5
2025-06-24 22:48:23,150.18,76.5
2025-06-24 22:48:24,149.88,76.5
2025-06-24 22:48:25,150.18,76.5
2025-06-24 22:48:26,150.11,76.5
2025-06-24 22:48:27,150.0,76.5
2025-06-24 22:48:28,150.13,76.5
2025-06-24 22:48:29,150.13,76.5
2025-06-24 22:48:30,150.17,76.5
2025-06-24 22:48:31,150.16,76.5
2025-06-24 22:48:32,150.72,76.62
2025-06-24 22:48:33,150.0,76.62
2025-06-24 22:48:34,150.07,76.62
2025-06-24 22:48:35,149.99,76.62
2025-06-24 22:48:36,150.19,76.62
2025-06-24 22:48:37,150.08,76.62
2025-06-24 22:48:38,150.28,76.62
2025-06-24 22:48:39,150.0,76.62
2025-06-24 22:48:40,149.95,76.75
2025-06-24 22:48:41,149.98,76.75
2025-06-24 22:48:42,149.89,76.88
2025-06-24 22:48:43,150.34,76.88
2025-06-24 22:48:44,150.15,76.75
2025-06-24 22:48:45,150.18,76.75
2025-06-24 22:48:46,149.71,77.12
2025-06-24 22:48:47,150.34,77.38
2025-06-24 22:48:48,149.83,77.25
2025-06-24 22:48:49,150.0,77.12
2025-06-24 22:48:50,150.21,77.0
2025-06-24 22:48:51,150.31,77.0
2025-06-24 22:48:52,150.14,77.0
2025-06-24 22:48:53,150.43,77.0
2025-06-24 22:48:54,150.48,77.0
2025-06-24 22:48:55,150.55,77.0
2025-06-24 22:48:56,150.28,77.0
2025-06-24 22:48:57,149.93,77.0
2025-06-24 22:48:58,150.32,77.0
2025-06-24 22:48:59,149.86,77.0
2025-06-24 22:49:00,150.0,77.0
2025-06-24 22:49:01,150.14,77.0
2025-06-24 22:49:02,150.51,77.12
2025-06-24 22:49:03,150.36,77.0
2025-06-24 22:49:04,149.9,77.0
2025-06-24 22:49:05,150.21,77.0
2025-06-24 22:49:06,150.32,77.12
2025-06-24 22:49:07,150.13,77.12
2025-06-24 22:49:08,149.99,77.12
2025-06-24 22:49:09,150.0,77.12
2025-06-24 22:49:10,150.19,77.0
2025-06-24 22:49:11,150.05,77.12
2025-06-24 22:49:12,150.0,77.12
2025-06-24 22:49:13,145.42,77.12
2025-06-24 22:49:14,150.44,77.12
2025-06-24 22:49:15,150.38,77.25
2025-06-24 22:49:16,149.96,77.25
2025-06-24 22:49:17,150.2,77.25
2025-06-24 22:49:18,150.19,77.25
2025-06-24 22:49:19,150.13,77.25
2025-06-24 22:49:20,149.96,77.25
2025-06-24 22:49:21,150.0,77.25
2025-06-24 22:49:22,150.25,77.38
2025-06-24 22:49:23,150.55,77.38
2025-06-24 22:49:24,150.6,77.38
2025-06-24 22:49:25,150.27,77.25
2025-06-24 22:49:26,150.21,77.25
2025-06-24 22:49:27,150.16,77.25
2025-06-24 22:49:28,150.3,77.25
2025-06-24 22:49:29,150.37,77.25
2025-06-24 22:49:30,150.16,77.25
2025-06-24 22:49:31,150.2,77.25
2025-06-24 22:49:32,150.0,77.5
2025-06-24 22:49:33,150.3,77.5
2025-06-24 22:49:34,150.13,77.5
2025-06-24 22:49:35,149.81,77.38
2025-06-24 22:49:36,150.08,77.38
2025-06-24 22:49:37,149.85,77.38
2025-06-24 22:49:38,150.18,77.25
2025-06-24 22:49:39,149.77,77.25
2025-06-24 22:49:40,150.19,77.25
2025-06-24 22:49:41,149.96,77.25
2025-06-24 22:49:42,150.0,77.38
2025-06-24 22:49:43,150.27,77.25
2025-06-24 22:49:44,150.18,77.38
2025-06-24 22:49:45,149.97,77.38
2025-06-24 22:49:46,150.37,77.38
2025-06-24 22:49:47,150.21,77.38
2025-06-24 22:49:48,150.24,77.38
2025-06-24 22:49:49,150.4,77.38
2025-06-24 22:49:50,150.0,77.38
2025-06-24 22:49:51,150.06,77.38
2025-06-24 22:49:52,150.0,77.38
2025-06-24 22:49:53,150.39,77.38
2025-06-24 22:49:54,150.11,77.5
2025-06-24 22:49:55,149.99,77.38
2025-06-24 22:49:56,150.18,77.38
2025-06-24 22:49:57,150.04,77.38
2025-06-24 22:49:58,150.06,77.38
2025-06-24 22:49:59,150.18,77.38
2025-06-24 22:50:00,150.13,77.38
2025-06-24 22:50:01,150.19,77.38
2025-06-24 22:50:02,150.45,77.5
2025-06-24 22:50:03,150.0,77.5
2025-06-24 22:50:04,150.12,77.5
2025-06-24 22:50:05,150.01,77.5
2025-06-24 22:50:06,149.96,77.38
2025-06-24 22:50:07,150.26,77.38
2025-06-24 22:50:08,149.94,77.38
2025-06-24 22:50:09,150.05,77.38
2025-06-24 22:50:10,150.07,77.38
2025-06-24 22:50:11,150.04,77.38
2025-06-24 22:50:12,150.44,77.38
2025-06-24 22:50:13,150.54,77.5
2025-06-24 22:50:14,150.0,77.5
2025-06-24 22:50:15,150.3,77.38
2025-06-24 22:50:16,149.79,77.38
2025-06-24 22:50:17,150.3,77.5
2025-06-24 22:50:18,150.43,77.5
2025-06-24 22:50:19,150.2,77.5
2025-06-24 22:50:20,150.38,77.5
2025-06-24 22:50:21,150.37,77.5
2025-06-24 22:50:22,150.17,77.5
2025-06-24 22:50:23,150.56,77.5
2025-06-24 22:50:24,149.92,77.5
2025-06-24 22:50:25,150.0,77.5
2025-06-24 22:50:26,150.27,77.5
2025-06-24 22:50:27,150.01,77.5
2025-06-24 22:50:28,150.33,77.5
2025-06-24 22:50:29,150.1,77.5
2025-06-24 22:50:30,150.36,77.5
2025-06-24 22:50:31,150.1,77.5
2025-06-24 22:50:32,150.23,77.5
2025-06-24 22:50:33,150.79,77.5
2025-06-24 22:50:34,150.01,77.5
2025-06-24 22:50:35,150.38,77.5
2025-06-24 22:50:36,150.0,77.5
2025-06-24 22:50:37,149.82,77.5
2025-06-24 22:50:40,160.69,80.25
2025-06-24 22:50:41,160.8,80.38
2025-06-24 22:50:42,160.29,80.38
2025-06-24 22:50:43,160.24,80.5
2025-06-24 22:50:44,160.32,80.5
2025-06-24 22:50:45,160.48,80.5
2025-06-24 22:50:46,160.31,80.5
2025-06-24 22:50:47,160.0,80.62
2025-06-24 22:50:48,160.86,80.62
2025-06-24 22:50:49,161.09,80.62
2025-06-24 22:50:50,160.27,80.75
2025-06-24 22:50:51,160.04,80.75
2025-06-24 22:50:52,160.23,80.75
2025-06-24 22:50:53,160.45,80.75
2025-06-24 22:50:54,160.86,80.75
2025-06-24 22:50:55,160.3,80.75
2025-06-24 22:50:56,160.26,80.75
2025-06-24 22:50:57,160.39,80.75
2025-06-24 22:50:58,160.0,80.88
2025-06-24 22:50:59,160.08,80.88
2025-06-24 22:51:00,160.21,80.88
2025-06-24 22:51:01,160.56,80.88
2025-06-24 22:51:02,160.21,81.0
2025-06-24 22:51:03,160.47,81.0
2025-06-24 22:51:04,160.18,81.0
2025-06-24 22:51:05,160.37,81.0
2025-06-24 22:51:06,160.78,81.0
2025-06-24 22:51:07,160.39,80.88
2025-06-24 22:51:08,160.45,80.88
2025-06-24 22:51:09,160.37,81.0
2025-06-24 22:51:10,160.0,81.0
2025-06-24 22:51:11,160.35,81.0
2025-06-24 22:51:12,159.67,81.12
2025-06-24 22:51:13,160.15,81.12
2025-06-24 22:51:14,160.3,81.12
2025-06-24 22:51:15,161.24,81.25
2025-06-24 22:51:16,160.16,81.25
2025-06-24 22:51:17,160.1,81.25
2025-06-24 22:51:18,160.24,81.25
2025-06-24 22:51:19,161.0,81.25
2025-06-24 22:51:20,160.4,81.25
2025-06-24 22:51:21,160.0,81.12
2025-06-24 22:51:22,160.11,81.12
2025-06-24 22:51:23,160.42,81.25
2025-06-24 22:51:24,160.04,81.25
2025-06-24 22:51:25,160.51,81.25
2025-06-24 22:51:26,160.13,81.25
2025-06-24 22:51:27,160.76,81.25
2025-06-24 22:51:28,160.5,81.25
2025-06-24 22:51:29,160.29,81.25
2025-06-24 22:51:30,160.46,81.25
2025-06-24 22:51:31,160.0,81.25
2025-06-24 22:51:32,160.79,81.38
2025-06-24 22:51:33,160.24,81.38
2025-06-24 22:51:34,160.02,81.38
2025-06-24 22:51:35,160.04,81.38
2025-06-24 22:51:36,160.1,81.38
2025-06-24 22:51:37,160.34,81.38
2025-06-24 22:51:38,160.57,81.38
2025-06-24 22:51:39,159.83,81.38
2025-06-24 22:51:40,160.71,81.38
2025-06-24 22:51:41,160.0,81.38
2025-06-24 22:51:42,160.52,81.38
2025-06-24 22:51:43,159.73,81.5
2025-06-24 22:51:44,160.0,81.5
2025-06-24 22:51:45,160.88,81.5
2025-06-24 22:51:46,160.16,81.5
2025-06-24 22:51:47,160.89,81.62
2025-06-24 22:51:48,159.88,81.62
2025-06-24 22:51:49,160.39,81.5
2025-06-24 22:51:50,159.93,81.5
2025-06-24 22:51:51,160.13,81.5
2025-06-24 22:51:52,160.0,81.5
2025-06-24 22:51:53,160.37,81.5
2025-06-24 22:51:54,160.5,81.5
2025-06-24 22:51:55,160.46,81.62
2025-06-24 22:51:56,160.15,81.5
2025-06-24 22:51:57,160.37,81.62
2025-06-24 22:51:58,160.3,81.62
2025-06-24 22:51:59,160.15,81.62
2025-06-24 22:52:00,160.0,81.62
2025-06-24 22:52:01,160.28,81.5
2025-06-24 22:52:02,160.28,81.75
2025-06-24 22:52:03,160.0,81.75
2025-06-24 22:52:04,160.12,81.75
2025-06-24 22:52:05,160.05,81.75
2025-06-24 22:52:06,160.68,81.62
2025-06-24 22:52:07,160.06,81.62
2025-06-24 22:52:08,160.03,81.62
2025-06-24 22:52:09,160.2,81.62
2025-06-24 22:52:10,160.21,81.62
2025-06-24 22:52:11,160.53,81.62
2025-06-24 22:52:12,160.3,81.62
2025-06-24 22:52:13,160.69,81.62
2025-06-24 22:52:14,159.99,81.62
2025-06-24 22:52:15,160.38,81.62
2025-06-24 22:52:16,160.14,81.62
2025-06-24 22:52:17,160.31,81.62
2025-06-24 22:52:18,160.76,81.75
2025-06-24 22:52:19,160.16,81.62
2025-06-24 22:52:20,160.27,81.62
2025-06-24 22:52:21,160.33,81.75
2025-06-24 22:52:22,160.14,81.62
2025-06-24 22:52:23,160.1,81.75
2025-06-24 22:52:24,160.0,81.75
2025-06-24 22:52:25,160.33,81.75
2025-06-24 22:52:26,160.24,81.75
2025-06-24 22:52:27,160.67,81.75
2025-06-24 22:52:28,160.42,81.75
2025-06-24 22:52:29,160.24,81.75
2025-06-24 22:52:30,160.53,81.62
2025-06-24 22:52:31,160.26,81.62
2025-06-24 22:52:32,160.17,81.75
2025-06-24 22:52:33,160.41,81.75
2025-06-24 22:52:34,160.57,81.75
2025-06-24 22:52:35,160.0,81.75
2025-06-24 22:52:36,160.65,81.75
2025-06-24 22:52:37,160.09,81.75
2025-06-24 22:52:38,159.75,81.75
2025-06-24 22:52:39,159.87,82.0
2025-06-24 22:52:40,159.83,82.12
2025-06-24 22:52:41,160.07,82.25
2025-06-24 22:52:42,160.54,82.25
2025-06-24 22:52:43,160.03,82.25
2025-06-24 22:52:44,159.66,82.25
2025-06-24 22:52:45,160.14,82.12
2025-06-24 22:52:46,160.0,82.12
2025-06-24 22:52:47,160.02,82.12
2025-06-24 22:52:48,159.93,82.12
2025-06-24 22:52:49,160.14,82.0
2025-06-24 22:52:50,159.97,82.0
2025-06-24 22:52:51,159.9,82.0
2025-06-24 22:52:52,159.95,81.88
2025-06-24 22:52:53,159.86,81.88
2025-06-24 22:52:54,160.25,81.75
2025-06-24 22:52:55,160.13,81.75
2025-06-24 22:52:56,160.0,81.75
2025-06-24 22:52:57,160.17,81.75
2025-06-24 22:52:58,160.07,81.75
2025-06-24 22:52:59,159.97,81.62
2025-06-24 22:53:00,160.22,81.88
2025-06-24 22:53:01,160.06,82.12
2025-06-24 22:53:02,159.96,82.25
2025-06-24 22:53:03,160.21,82.25
2025-06-24 22:53:04,160.08,82.25
2025-06-24 22:53:05,160.02,82.25
2025-06-24 22:53:06,160.61,82.25
2025-06-24 22:53:07,160.0,82.25
2025-06-24 22:53:08,160.08,82.12
2025-06-24 22:53:09,160.06,82.12
2025-06-24 22:53:12,170.34,85.12
2025-06-24 22:53:13,170.18,85.25
2025-06-24 22:53:14,170.25,85.25
2025-06-24 22:53:15,170.35,85.25
2025-06-24 22:53:16,169.78,85.25
2025-06-24 22:53:17,170.04,86.25
2025-06-24 22:53:18,170.0,86.12
2025-06-24 22:53:19,169.86,86.0
2025-06-24 22:53:20,170.33,85.88
2025-06-24 22:53:21,170.28,85.75
2025-06-24 22:53:22,170.5,85.62
2025-06-24 22:53:23,170.13,85.62
2025-06-24 22:53:24,169.72,85.62
2025-06-24 22:53:25,169.81,85.5
2025-06-24 22:53:26,170.09,85.38
2025-06-24 22:53:27,170.46,85.38
2025-06-24 22:53:28,170.35,85.38
2025-06-24 22:53:29,170.01,85.25
2025-06-24 22:53:30,170.11,85.25
2025-06-24 22:53:31,170.06,85.25
2025-06-24 22:53:32,170.22,85.25
2025-06-24 22:53:33,169.99,85.38
2025-06-24 22:53:34,170.4,85.25
2025-06-24 22:53:35,170.77,85.25
2025-06-24 22:53:36,169.88,85.25
2025-06-24 22:53:37,169.94,85.25
2025-06-24 22:53:38,170.14,85.38
2025-06-24 22:53:39,169.99,85.38
2025-06-24 22:53:40,170.0,85.75
2025-06-24 22:53:41,169.89,85.88
2025-06-24 22:53:42,170.2,85.88
2025-06-24 22:53:43,171.15,85.88
2025-06-24 22:53:44,170.33,86.12
2025-06-24 22:53:45,170.0,86.0
2025-06-24 22:53:46,170.44,85.88
2025-06-24 22:53:47,170.02,85.88
2025-06-24 22:53:48,170.29,85.75
2025-06-24 22:53:49,170.27,85.75
2025-06-24 22:53:50,170.01,85.75
2025-06-24 22:53:51,170.34,85.75
2025-06-24 22:53:52,170.84,85.75
2025-06-24 22:53:53,170.08,85.75
2025-06-24 22:53:54,170.4,85.75
2025-06-24 22:53:55,170.3,85.75
2025-06-24 22:53:56,169.75,86.0
2025-06-24 22:53:57,170.21,86.38
2025-06-24 22:53:58,170.25,86.25
2025-06-24 22:53:59,170.25,86.25
2025-06-24 22:54:00,170.07,86.12
2025-06-24 22:54:01,169.95,86.12
2025-06-24 22:54:02,170.0,86.25
2025-06-24 22:54:03,170.07,86.25
2025-06-24 22:54:04,170.1,86.12
2025-06-24 22:54:05,169.73,86.12
2025-06-24 22:54:06,170.13,86.0
2025-06-24 22:54:07,170.0,86.0
2025-06-24 22:54:08,169.86,86.0
2025-06-24 22:54:09,170.13,86.0
2025-06-24 22:54:10,170.23,86.0
2025-06-24 22:54:11,170.65,86.0
2025-06-24 22:54:12,169.97,86.0
2025-06-24 22:54:13,170.21,86.0
2025-06-24 22:54:14,170.0,86.0
2025-06-24 22:54:15,170.19,86.0
2025-06-24 22:54:16,169.94,86.0
2025-06-24 22:54:17,171.14,86.12
2025-06-24 22:54:18,170.1,86.12
2025-06-24 22:54:19,170.0,86.0
2025-06-24 22:54:20,169.95,86.0
2025-06-24 22:54:21,170.59,86.0
2025-06-24 22:54:22,169.84,86.12
2025-06-24 22:54:23,169.88,86.12
2025-06-24 22:54:24,170.25,86.12
2025-06-24 22:54:25,170.0,86.12
2025-06-24 22:54:26,170.11,86.12
2025-06-24 22:54:27,170.26,86.12
2025-06-24 22:54:28,170.23,86.12
2025-06-24 22:54:29,170.39,86.12
2025-06-24 22:54:30,170.58,86.12
2025-06-24 22:54:31,170.59,86.12
2025-06-24 22:54:32,170.39,88.38
2025-06-24 22:54:33,170.55,88.12
2025-06-24 22:54:34,169.96,87.88
2025-06-24 22:54:35,170.0,87.62
2025-06-24 22:54:36,170.13,87.38
2025-06-24 22:54:37,170.99,87.12
2025-06-24 22:54:38,170.23,87.0
2025-06-24 22:54:39,170.24,86.88
2025-06-24 22:54:40,170.21,86.75
2025-06-24 22:54:41,170.26,86.75
2025-06-24 22:54:42,170.08,86.62
2025-06-24 22:54:43,170.26,86.75
2025-06-24 22:54:44,169.77,86.62
2025-06-24 22:54:45,169.87,86.5
2025-06-24 22:54:46,170.01,86.5
2025-06-24 22:54:47,170.42,86.5
2025-06-24 22:54:48,170.26,86.5
2025-06-24 22:54:49,170.09,86.5
2025-06-24 22:54:50,170.09,86.5
2025-06-24 22:54:51,170.5,86.5
2025-06-24 22:54:52,170.7,86.5
2025-06-24 22:54:53,169.82,86.5
2025-06-24 22:54:54,170.28,86.5
2025-06-24 22:54:55,169.97,86.5
2025-06-24 22:54:56,170.07,86.5
2025-06-24 22:54:57,170.0,86.5
2025-06-24 22:54:58,169.88,86.5
2025-06-24 22:54:59,170.46,86.5
2025-06-24 22:55:00,169.64,86.5
2025-06-24 22:55:01,170.09,86.5
2025-06-24 22:55:02,170.74,86.75
2025-06-24 22:55:03,170.09,86.62
2025-06-24 22:55:04,169.89,86.75
2025-06-24 22:55:05,170.11,86.62
2025-06-24 22:55:06,169.85,86.62
2025-06-24 22:55:07,170.06,86.62
2025-06-24 22:55:08,169.99,86.5
2025-06-24 22:55:09,170.69,86.5
2025-06-24 22:55:10,170.21,86.5
2025-06-24 22:55:11,170.39,86.5
2025-06-24 22:55:12,170.11,86.5
2025-06-24 22:55:13,169.97,86.5
2025-06-24 22:55:14,170.17,86.62
2025-06-24 22:55:15,171.2,86.62
2025-06-24 22:55:16,170.05,86.5
2025-06-24 22:55:17,170.81,86.62
2025-06-24 22:55:18,169.99,86.5
2025-06-24 22:55:19,170.0,86.5
2025-06-24 22:55:20,169.76,86.5
2025-06-24 22:55:21,170.42,86.5
2025-06-24 22:55:22,170.41,86.5
2025-06-24 22:55:23,171.0,86.5
2025-06-24 22:55:24,169.83,86.5
2025-06-24 22:55:25,170.86,86.5
2025-06-24 22:55:26,170.44,86.5
2025-06-24 22:55:27,170.05,86.5
2025-06-24 22:55:28,170.27,86.5
2025-06-24 22:55:29,170.01,86.5
2025-06-24 22:55:30,170.0,86.62
2025-06-24 22:55:31,169.76,86.62
2025-06-24 22:55:32,170.55,86.62
2025-06-24 22:55:33,169.76,86.62
2025-06-24 22:55:34,170.07,86.62
2025-06-24 22:55:35,170.21,86.62
2025-06-24 22:55:36,170.17,86.62
2025-06-24 22:55:37,170.14,86.62
2025-06-24 22:55:38,169.83,86.62
2025-06-24 22:55:39,170.14,86.62
2025-06-24 22:55:40,170.82,86.62
2025-06-24 22:55:41,170.0,86.62
2025-06-24 22:55:44,179.96,89.25
2025-06-24 22:55:45,180.02,89.38
2025-06-24 22:55:46,180.45,89.38
2025-06-24 22:55:47,180.18,89.5
2025-06-24 22:55:48,180.29,89.5
2025-06-24 22:55:49,180.09,89.5
2025-06-24 22:55:50,180.71,89.5
2025-06-24 22:55:51,180.38,89.5
2025-06-24 22:55:52,180.0,89.5
2025-06-24 22:55:53,180.08,89.5
2025-06-24 22:55:54,180.43,89.5
2025-06-24 22:55:55,180.56,89.62
2025-06-24 22:55:56,180.52,89.62
2025-06-24 22:55:57,180.55,89.62
2025-06-24 22:55:58,180.53,89.75
2025-06-24 22:55:59,179.75,89.62
2025-06-24 22:56:00,179.76,89.62
2025-06-24 22:56:01,180.23,89.62
2025-06-24 22:56:02,181.09,90.0
2025-06-24 22:56:03,180.0,89.88
2025-06-24 22:56:04,180.41,90.0
2025-06-24 22:56:05,180.43,89.88
2025-06-24 22:56:06,180.17,89.88
2025-06-24 22:56:07,180.29,89.88
2025-06-24 22:56:08,181.13,89.88
2025-06-24 22:56:09,180.0,89.88
2025-06-24 22:56:10,180.37,89.88
2025-06-24 22:56:11,180.51,89.88
2025-06-24 22:56:12,179.9,89.88
2025-06-24 22:56:13,179.73,90.0
2025-06-24 22:56:14,179.83,90.0
2025-06-24 22:56:15,180.0,90.0
2025-06-24 22:56:16,179.86,90.0
2025-06-24 22:56:17,180.34,90.0
2025-06-24 22:56:18,180.14,90.0
2025-06-24 22:56:19,180.74,90.0
2025-06-24 22:56:20,180.49,90.0
2025-06-24 22:56:21,180.22,90.0
2025-06-24 22:56:22,180.24,90.0
2025-06-24 22:56:23,179.88,90.0
2025-06-24 22:56:24,179.87,90.0
2025-06-24 22:56:25,180.25,90.12
2025-06-24 22:56:26,180.0,90.12
2025-06-24 22:56:27,180.5,90.12
2025-06-24 22:56:28,180.1,90.12
2025-06-24 22:56:29,179.82,90.12
2025-06-24 22:56:30,180.66,90.12
2025-06-24 22:56:31,180.56,90.25
2025-06-24 22:56:32,180.45,90.25
2025-06-24 22:56:33,180.15,90.25
2025-06-24 22:56:34,179.86,90.38
2025-06-24 22:56:35,180.33,90.25
2025-06-24 22:56:36,179.51,90.25
2025-06-24 22:56:37,180.0,90.25
2025-06-24 22:56:38,180.19,90.25
2025-06-24 22:56:39,180.12,90.25
2025-06-24 22:56:40,180.23,90.38
2025-06-24 22:56:41,180.26,90.25
2025-06-24 22:56:42,180.22,90.38
2025-06-24 22:56:43,179.95,90.38
2025-06-24 22:56:44,180.92,90.38
2025-06-24 22:56:45,180.13,90.38
2025-06-24 22:56:46,180.48,90.38
2025-06-24 22:56:47,180.3,90.5
2025-06-24 22:56:48,180.0,90.38
2025-06-24 22:56:49,180.55,90.38
2025-06-24 22:56:50,179.87,90.38
2025-06-24 22:56:51,180.68,90.38
2025-06-24 22:56:52,180.26,90.38
2025-06-24 22:56:53,180.08,90.38
2025-06-24 22:56:54,180.06,90.38
2025-06-24 22:56:55,180.12,90.38
2025-06-24 22:56:56,180.02,90.38
2025-06-24 22:56:57,180.39,90.5
2025-06-24 22:56:58,180.58,90.5
2025-06-24 22:56:59,180.0,90.5
2025-06-24 22:57:00,180.63,90.62
2025-06-24 22:57:01,181.17,90.62
2025-06-24 22:57:02,181.56,90.62
2025-06-24 22:57:03,180.2,90.62
2025-06-24 22:57:04,180.13,90.62
2025-06-24 22:57:05,180.35,90.62
2025-06-24 22:57:06,180.36,90.62
2025-06-24 22:57:07,180.29,90.62
2025-06-24 22:57:08,179.96,90.62
2025-06-24 22:57:09,180.0,90.62
2025-06-24 22:57:10,180.0,90.5
2025-06-24 22:57:11,180.39,90.5
2025-06-24 22:57:12,179.84,90.5
2025-06-24 22:57:13,180.35,90.5
2025-06-24 22:57:14,180.18,90.62
2025-06-24 22:57:15,179.93,90.62
2025-06-24 22:57:16,179.9,90.62
2025-06-24 22:57:17,180.5,90.62
2025-06-24 22:57:18,180.49,90.62
2025-06-24 22:57:19,180.39,90.62
2025-06-24 22:57:20,180.9,90.75
2025-06-24 22:57:21,180.0,90.75
2025-06-24 22:57:22,180.21,90.75
2025-06-24 22:57:23,180.31,90.75
2025-06-24 22:57:24,180.44,90.88
2025-06-24 22:57:25,180.17,90.75
2025-06-24 22:57:26,188.95,90.88
2025-06-24 22:57:27,180.07,90.88
2025-06-24 22:57:28,180.91,90.75
2025-06-24 22:57:29,180.17,90.75
2025-06-24 22:57:30,180.15,90.75
2025-06-24 22:57:31,179.91,90.75
2025-06-24 22:57:32,180.0,90.88
2025-06-24 22:57:33,180.24,90.88
2025-06-24 22:57:34,180.05,90.88
2025-06-24 22:57:35,180.22,90.75
2025-06-24 22:57:36,179.78,90.75
2025-06-24 22:57:37,180.12,90.75
2025-06-24 22:57:38,180.18,90.75
2025-06-24 22:57:39,180.52,90.75
2025-06-24 22:57:40,180.53,90.88
2025-06-24 22:57:41,180.42,90.75
2025-06-24 22:57:42,179.96,90.75
2025-06-24 22:57:43,180.0,90.75
2025-06-24 22:57:44,180.33,90.88
2025-06-24 22:57:45,180.14,90.88
2025-06-24 22:57:46,180.73,90.88
2025-06-24 22:57:47,179.54,90.88
2025-06-24 22:57:48,180.19,90.88
2025-06-24 22:57:49,180.32,90.88
2025-06-24 22:57:50,179.92,90.88
2025-06-24 22:57:51,180.42,90.88
2025-06-24 22:57:52,180.28,90.88
2025-06-24 22:57:53,180.22,90.88
2025-06-24 22:57:54,180.0,90.88
2025-06-24 22:57:55,180.45,90.88
2025-06-24 22:57:56,180.13,90.88
2025-06-24 22:57:57,179.98,90.88
2025-06-24 22:57:58,180.3,90.88
2025-06-24 22:57:59,180.04,90.88
2025-06-24 22:58:00,179.64,90.88
2025-06-24 22:58:01,179.91,91.0
2025-06-24 22:58:02,180.06,91.25
2025-06-24 22:58:03,179.98,91.12
2025-06-24 22:58:04,180.28,91.12
2025-06-24 22:58:05,180.0,91.0
2025-06-24 22:58:06,180.31,91.0
2025-06-24 22:58:07,180.37,91.0
2025-06-24 22:58:08,180.12,91.0
2025-06-24 22:58:09,180.36,91.0
2025-06-24 22:58:10,180.0,91.0
2025-06-24 22:58:11,180.17,91.0
2025-06-24 22:58:12,180.43,91.0
2025-06-24 22:58:13,180.53,91.0
2025-06-24 22:58:16,189.53,93.75
2025-06-24 22:58:17,190.57,93.88
2025-06-24 22:58:18,189.69,94.0
2025-06-24 22:58:19,190.35,94.0
2025-06-24 22:58:20,189.72,94.12
2025-06-24 22:58:21,190.35,94.12
2025-06-24 22:58:22,191.08,94.12
2025-06-24 22:58:23,190.33,94.12
2025-06-24 22:58:24,190.14,94.25
2025-06-24 22:58:25,189.99,94.25
2025-06-24 22:58:26,190.54,94.25
2025-06-24 22:58:27,190.47,94.25
2025-06-24 22:58:28,190.08,94.25
2025-06-24 22:58:29,190.37,94.25
2025-06-24 22:58:30,190.26,94.25
2025-06-24 22:58:31,191.0,94.38
2025-06-24 22:58:32,189.61,94.5
2025-06-24 22:58:33,190.38,94.5
2025-06-24 22:58:34,190.16,94.5
2025-06-24 22:58:35,190.88,94.5
2025-06-24 22:58:36,190.0,94.5
2025-06-24 22:58:37,190.39,94.5
2025-06-24 22:58:38,190.78,94.38
2025-06-24 22:58:39,190.07,94.5
2025-06-24 22:58:40,190.44,94.5
2025-06-24 22:58:41,190.05,94.38
2025-06-24 22:58:42,190.65,94.38
2025-06-24 22:58:43,190.14,94.38
2025-06-24 22:58:44,189.88,94.5
2025-06-24 22:58:45,190.57,94.5
2025-06-24 22:58:46,190.59,94.62
2025-06-24 22:58:47,190.33,94.62
2025-06-24 22:58:48,190.0,94.62
2025-06-24 22:58:49,189.64,94.62
2025-06-24 22:58:50,190.57,94.62
2025-06-24 22:58:51,190.08,94.62
2025-06-24 22:58:52,190.11,94.62
2025-06-24 22:58:53,190.24,94.62
2025-06-24 22:58:54,190.19,94.75
2025-06-24 22:58:55,189.98,94.62
2025-06-24 22:58:56,190.2,94.75
2025-06-24 22:58:57,190.4,94.62
2025-06-24 22:58:58,190.31,94.75
2025-06-24 22:58:59,190.0,94.75
2025-06-24 22:59:00,190.18,94.75
2025-06-24 22:59:01,190.67,94.75
2025-06-24 22:59:02,190.59,95.12
